Data FY,OPDIV,CFDA Num,CFDA Program Title,,State,Award Number,Award Title,Award Code,Budget Year,Action Date,Recipient Name,ZIP Code,Award Amount
2018,ACF,93676,Unaccompanied Alien Children Program,,WA,90ZU0151,"23 Bed staff secure program for unaccompanied alien children in the Seattle/Tacoma area, pursuant to section 462 of the Homeland Security Act of 2002",05,3,2/5/2018,Pioneer Human Services,981084141,"$539,323"
2018,ACF,93676,Unaccompanied Alien Children Program,,WA,90ZU0151,"23 Bed staff secure program for unaccompanied alien children in the Seattle/Tacoma area, pursuant to section 462 of the Homeland Security Act of 2002",03,3,11/20/2017,Pioneer Human Services,981084141,"$539,323"
2018,ACF,93676,Unaccompanied Alien Children Program,,WA,90ZU0151,"23 Bed staff secure program for unaccompanied alien children in the Seattle/Tacoma area, pursuant to section 462 of the Homeland Security Act of 2002",06,3,5/10/2018,Pioneer Human Services,981084141,"$1,078,645"
2018,ACF,93676,Unaccompanied Alien Children Program,,WA,90ZU0151,"23 Bed staff secure program for unaccompanied alien children in the Seattle/Tacoma area, pursuant to section 462 of the Homeland Security Act of 2002",04,3,11/30/2017,Pioneer Human Services,981084141,"$684,128"
2018,ACF,93676,Unaccompanied Alien Children Program,,AZ,90ZU0197,A New Leaf/Unaccompanied Children's Program,00,2,2/21/2018,"A NEW LEAF, INC.",85203,"$752,033"
2018,ACF,93676,Unaccompanied Alien Children Program,,AZ,90ZU0197,A New Leaf/Unaccompanied Children's Program,04,1,1/16/2018,"A NEW LEAF, INC.",85203,"$493,078"
2018,ACF,93676,Unaccompanied Alien Children Program,,AZ,90ZU0197,A New Leaf/Unaccompanied Children's Program,05,1,2/8/2018,"A NEW LEAF, INC.",85203,"$180,790"
2018,ACF,93676,Unaccompanied Alien Children Program,,AZ,90ZU0197,A New Leaf/Unaccompanied Children's Program,01,2,6/11/2018,"A NEW LEAF, INC.",85203,"$1,504,066"
2018,ACF,93676,Unaccompanied Alien Children Program,,TX,90ZU0236,BROWNSVILLE FOSTER CARE PROGRAM,03,1,11/30/2017,"INTERNATIONAL EDUCATIONAL SERVICES, INC.",785660112,$0
2018,ACF,93676,Unaccompanied Alien Children Program,,TX,90ZU0236,BROWNSVILLE FOSTER CARE PROGRAM,02,1,11/20/2017,"INTERNATIONAL EDUCATIONAL SERVICES, INC.",785660112,$0
2018,ACF,93676,Unaccompanied Alien Children Program,,TX,90ZU0236,BROWNSVILLE FOSTER CARE PROGRAM,01,1,11/2/2017,"INTERNATIONAL EDUCATIONAL SERVICES, INC.",785660112,$0
2018,ACF,93676,Unaccompanied Alien Children Program,,MD,90ZU0178,Board of Child Care Caminos LTFC Program,01,2,5/10/2018,"BOARD OF CHILD CARE OF THE UNITED METHODIST CHURCH, INC",21244,"$267,126"
2018,ACF,93676,Unaccompanied Alien Children Program,,MD,90ZU0178,Board of Child Care Caminos LTFC Program,04,1,12/5/2017,"BOARD OF CHILD CARE OF THE UNITED METHODIST CHURCH, INC",21244,"$131,191"
2018,ACF,93676,Unaccompanied Alien Children Program,,MD,90ZU0178,Board of Child Care Caminos LTFC Program,00,2,3/22/2018,"BOARD OF CHILD CARE OF THE UNITED METHODIST CHURCH, INC",21244,"$133,563"
2018,ACF,93676,Unaccompanied Alien Children Program,,MD,90ZU0216,Board of Child Care Caminos Shelter Program,06,1,1/25/2018,"BOARD OF CHILD CARE OF THE UNITED METHODIST CHURCH, INC",21244,"$464,061"
2018,ACF,93676,Unaccompanied Alien Children Program,,MD,90ZU0216,Board of Child Care Caminos Shelter Program,02,2,5/10/2018,"BOARD OF CHILD CARE OF THE UNITED METHODIST CHURCH, INC",21244,"$2,984,239"
2018,ACF,93676,Unaccompanied Alien Children Program,,MD,90ZU0216,Board of Child Care Caminos Shelter Program,01,2,3/22/2018,"BOARD OF CHILD CARE OF THE UNITED METHODIST CHURCH, INC",21244,$0
2018,ACF,93676,Unaccompanied Alien Children Program,,MD,90ZU0216,Board of Child Care Caminos Shelter Program,00,2,2/21/2018,"BOARD OF CHILD CARE OF THE UNITED METHODIST CHURCH, INC",21244,"$1,492,120"
2018,ACF,93676,Unaccompanied Alien Children Program,,MD,90ZU0216,Board of Child Care Caminos Shelter Program,05,1,12/5/2017,"BOARD OF CHILD CARE OF THE UNITED METHODIST CHURCH, INC",21244,"$827,428"
2018,ACF,93676,Unaccompanied Alien Children Program,,TX,90ZU0195,Casa de Milagros for pregnant and parenting UAC and their children.,00,2,2/8/2018,Seton Home,78210,"$840,093"
2018,ACF,93676,Unaccompanied Alien Children Program,,TX,90ZU0195,Casa de Milagros for pregnant and parenting UAC and their children.,02,2,5/10/2018,Seton Home,78210,"$1,680,185"
2018,ACF,93676,Unaccompanied Alien Children Program,,TX,90ZU0195,Casa de Milagros for pregnant and parenting UAC and their children.,01,2,2/28/2018,Seton Home,78210,$0
2018,ACF,93676,Unaccompanied Alien Children Program,,TX,90ZU0195,Casa de Milagros for pregnant and parenting UAC and their children.,07,1,1/24/2018,Seton Home,78210,"$197,572"
2018,ACF,93676,Unaccompanied Alien Children Program,,TX,90ZU0195,Casa de Milagros for pregnant and parenting UAC and their children.,06,1,12/5/2017,Seton Home,78210,"$512,001"
2018,ACF,93676,Unaccompanied Alien Children Program,,NY,90ZU0173,Catholic Guardian Services - Long-Term Foster Care Program,01,2,2/28/2018,Catholic Guardian Services,10022,$0
2018,ACF,93676,Unaccompanied Alien Children Program,,NY,90ZU0173,Catholic Guardian Services - Long-Term Foster Care Program,00,2,2/8/2018,Catholic Guardian Services,10022,"$163,241"
2018,ACF,93676,Unaccompanied Alien Children Program,,NY,90ZU0173,Catholic Guardian Services - Long-Term Foster Care Program,02,2,5/31/2018,Catholic Guardian Services,10022,"$326,481"
2018,ACF,93676,Unaccompanied Alien Children Program,,NY,90ZU0173,Catholic Guardian Services - Long-Term Foster Care Program,03,1,12/14/2017,Catholic Guardian Services,10022,"$169,670"
2018,ACF,93676,Unaccompanied Alien Children Program,,NY,90ZU0186,Catholic Guardian Services - Shelter & TFC,04,1,12/27/2017,Catholic Guardian Services,10022,"$1,741,283"
2018,ACF,93676,Unaccompanied Alien Children Program,,NY,90ZU0186,Catholic Guardian Services - Shelter & TFC,00,2,2/8/2018,Catholic Guardian Services,10022,"$1,678,135"
2018,ACF,93676,Unaccompanied Alien Children Program,,NY,90ZU0186,Catholic Guardian Services - Shelter & TFC,01,2,2/28/2018,Catholic Guardian Services,10022,$0
2018,ACF,93676,Unaccompanied Alien Children Program,,NY,90ZU0186,Catholic Guardian Services - Shelter & TFC,02,2,5/31/2018,Catholic Guardian Services,10022,"$3,356,269"
2018,ACF,93676,Unaccompanied Alien Children Program,,NY,90ZU0186,Catholic Guardian Services - Shelter & TFC,05,1,2/1/2018,Catholic Guardian Services,10022,"$52,270"
2018,ACF,93676,Unaccompanied Alien Children Program,,CA,90ZU0184,David & Margaret Youth and Family ServicesBasic Shelter Care and/or Group Home (BSCGH) services for Unaccompanied Children (UC),02,2,6/11/2018,DAVID AND MARGARET YOUTH AND FAMILY SERVICES,91750,"$3,079,061"
2018,ACF,93676,Unaccompanied Alien Children Program,,CA,90ZU0184,David & Margaret Youth and Family ServicesBasic Shelter Care and/or Group Home (BSCGH) services for Unaccompanied Children (UC),01,2,4/20/2018,DAVID AND MARGARET YOUTH AND FAMILY SERVICES,91750,$0
2018,ACF,93676,Unaccompanied Alien Children Program,,CA,90ZU0184,David & Margaret Youth and Family ServicesBasic Shelter Care and/or Group Home (BSCGH) services for Unaccompanied Children (UC),04,1,1/16/2018,DAVID AND MARGARET YOUTH AND FAMILY SERVICES,91750,"$1,224,667"
2018,ACF,93676,Unaccompanied Alien Children Program,,CA,90ZU0184,David & Margaret Youth and Family ServicesBasic Shelter Care and/or Group Home (BSCGH) services for Unaccompanied Children (UC),00,2,2/8/2018,DAVID AND MARGARET YOUTH AND FAMILY SERVICES,91750,"$1,539,531"
2018,ACF,93676,Unaccompanied Alien Children Program,,CA,90ZU0177,David & Margaret Youth and Family ServicesLong Term Foster Care (LTFC) services for Unaccompanied Children (UC),00,2,2/8/2018,DAVID AND MARGARET YOUTH AND FAMILY SERVICES,91750,"$155,649"
2018,ACF,93676,Unaccompanied Alien Children Program,,CA,90ZU0177,David & Margaret Youth and Family ServicesLong Term Foster Care (LTFC) services for Unaccompanied Children (UC),03,1,1/16/2018,DAVID AND MARGARET YOUTH AND FAMILY SERVICES,91750,"$172,943"
2018,ACF,93676,Unaccompanied Alien Children Program,,CA,90ZU0177,David & Margaret Youth and Family ServicesLong Term Foster Care (LTFC) services for Unaccompanied Children (UC),02,2,6/11/2018,DAVID AND MARGARET YOUTH AND FAMILY SERVICES,91750,"$311,298"
2018,ACF,93676,Unaccompanied Alien Children Program,,CA,90ZU0177,David & Margaret Youth and Family ServicesLong Term Foster Care (LTFC) services for Unaccompanied Children (UC),01,2,2/28/2018,DAVID AND MARGARET YOUTH AND FAMILY SERVICES,91750,$0
2018,ACF,93676,Unaccompanied Alien Children Program,,MD,90ZU0172,FY 2017 Home Study and Post Release Services for UC,06,1,12/1/2017,LUTHERAN IMMIGRATION & REFUGEE SERVICE,212303850,"$790,984"
2018,ACF,93676,Unaccompanied Alien Children Program,,MD,90ZU0172,FY 2017 Home Study and Post Release Services for UC,02,2,5/10/2018,LUTHERAN IMMIGRATION & REFUGEE SERVICE,212303850,"$1,581,969"
2018,ACF,93676,Unaccompanied Alien Children Program,,MD,90ZU0172,FY 2017 Home Study and Post Release Services for UC,00,2,2/8/2018,LUTHERAN IMMIGRATION & REFUGEE SERVICE,212303850,"$790,985"
2018,ACF,93676,Unaccompanied Alien Children Program,,MD,90ZU0172,FY 2017 Home Study and Post Release Services for UC,01,2,3/22/2018,LUTHERAN IMMIGRATION & REFUGEE SERVICE,212303850,$0
2018,ACF,93676,Unaccompanied Alien Children Program,,MD,90ZU0182,FY 2017 Long Term Foster Care for Unaccompanied Children,05,1,1/24/2018,LUTHERAN IMMIGRATION & REFUGEE SERVICE,212303850,$0
2018,ACF,93676,Unaccompanied Alien Children Program,,MD,90ZU0182,FY 2017 Long Term Foster Care for Unaccompanied Children,04,1,12/5/2017,LUTHERAN IMMIGRATION & REFUGEE SERVICE,212303850,"$1,402,717"
2018,ACF,93676,Unaccompanied Alien Children Program,,MD,90ZU0182,FY 2017 Long Term Foster Care for Unaccompanied Children,01,2,3/22/2018,LUTHERAN IMMIGRATION & REFUGEE SERVICE,212303850,$0
2018,ACF,93676,Unaccompanied Alien Children Program,,MD,90ZU0182,FY 2017 Long Term Foster Care for Unaccompanied Children,02,2,5/4/2018,LUTHERAN IMMIGRATION & REFUGEE SERVICE,212303850,"$3,153,839"
2018,ACF,93676,Unaccompanied Alien Children Program,,MD,90ZU0182,FY 2017 Long Term Foster Care for Unaccompanied Children,00,2,2/8/2018,LUTHERAN IMMIGRATION & REFUGEE SERVICE,212303850,"$1,576,920"
2018,ACF,93676,Unaccompanied Alien Children Program,,TX,90ZU0237,HARLINGEN FOSTER CARE PROGRAM,03,1,11/30/2017,"INTERNATIONAL EDUCATIONAL SERVICES, INC.",785660112,$0
2018,ACF,93676,Unaccompanied Alien Children Program,,TX,90ZU0237,HARLINGEN FOSTER CARE PROGRAM,01,1,11/2/2017,"INTERNATIONAL EDUCATIONAL SERVICES, INC.",785660112,$0
2018,ACF,93676,Unaccompanied Alien Children Program,,TX,90ZU0237,HARLINGEN FOSTER CARE PROGRAM,02,1,11/20/2017,"INTERNATIONAL EDUCATIONAL SERVICES, INC.",785660112,$0
2018,ACF,93676,Unaccompanied Alien Children Program,,TX,90ZU0238,HIDALGO FOSTER CARE PROGRAM,01,1,11/2/2017,"INTERNATIONAL EDUCATIONAL SERVICES, INC.",785660112,$0
2018,ACF,93676,Unaccompanied Alien Children Program,,TX,90ZU0238,HIDALGO FOSTER CARE PROGRAM,02,1,11/20/2017,"INTERNATIONAL EDUCATIONAL SERVICES, INC.",785660112,$0
2018,ACF,93676,Unaccompanied Alien Children Program,,TX,90ZU0238,HIDALGO FOSTER CARE PROGRAM,03,1,11/30/2017,"INTERNATIONAL EDUCATIONAL SERVICES, INC.",785660112,$0
2018,ACF,93676,Unaccompanied Alien Children Program,,PA,90ZU0214,"Holy Family Institute's Residential Shelter Program for UC 2016-19, will serve 50 youth in Pittsburgh, PA from any country (0-17yrs) with an ongoing focus on trauma care & safe, timely reunification.",01,2,6/11/2018,HOLY FAMILY INSTITUTE,15202,"$3,332,586"
2018,ACF,93676,Unaccompanied Alien Children Program,,PA,90ZU0214,"Holy Family Institute's Residential Shelter Program for UC 2016-19, will serve 50 youth in Pittsburgh, PA from any country (0-17yrs) with an ongoing focus on trauma care & safe, timely reunification.",03,1,1/16/2018,HOLY FAMILY INSTITUTE,15202,"$182,158"
2018,ACF,93676,Unaccompanied Alien Children Program,,PA,90ZU0214,"Holy Family Institute's Residential Shelter Program for UC 2016-19, will serve 50 youth in Pittsburgh, PA from any country (0-17yrs) with an ongoing focus on trauma care & safe, timely reunification.",04,1,2/8/2018,HOLY FAMILY INSTITUTE,15202,"$543,662"
2018,ACF,93676,Unaccompanied Alien Children Program,,PA,90ZU0214,"Holy Family Institute's Residential Shelter Program for UC 2016-19, will serve 50 youth in Pittsburgh, PA from any country (0-17yrs) with an ongoing focus on trauma care & safe, timely reunification.",00,2,2/21/2018,HOLY FAMILY INSTITUTE,15202,"$1,666,293"
2018,ACF,93676,Unaccompanied Alien Children Program,,OR,90ZU0201,Home Study and Post Release Services for Unaccompanied Children,00,2,2/8/2018,Morrison Child & Family Services,97266,"$152,503"
2018,ACF,93676,Unaccompanied Alien Children Program,,OR,90ZU0201,Home Study and Post Release Services for Unaccompanied Children,01,2,3/22/2018,Morrison Child & Family Services,97266,$0
2018,ACF,93676,Unaccompanied Alien Children Program,,OR,90ZU0201,Home Study and Post Release Services for Unaccompanied Children,05,1,12/5/2017,Morrison Child & Family Services,97266,"$152,503"
2018,ACF,93676,Unaccompanied Alien Children Program,,OR,90ZU0201,Home Study and Post Release Services for Unaccompanied Children,02,2,5/14/2018,Morrison Child & Family Services,97266,"$305,006"
2018,ACF,93676,Unaccompanied Alien Children Program,,OR,90ZU0201,Home Study and Post Release Services for Unaccompanied Children,06,1,1/11/2018,Morrison Child & Family Services,97266,$0
2018,ACF,93676,Unaccompanied Alien Children Program,,TX,90ZU0202,"Home Study and Post Release Services for Unaccompanied Children (Home Study Cases:1152, Post Release Cases: 4000)",02,2,5/10/2018,BCFS Health and Human Services,78232,"$5,000,000"
2018,ACF,93676,Unaccompanied Alien Children Program,,TX,90ZU0202,"Home Study and Post Release Services for Unaccompanied Children (Home Study Cases:1152, Post Release Cases: 4000)",05,1,12/5/2017,BCFS Health and Human Services,78232,"$2,500,000"
2018,ACF,93676,Unaccompanied Alien Children Program,,TX,90ZU0202,"Home Study and Post Release Services for Unaccompanied Children (Home Study Cases:1152, Post Release Cases: 4000)",01,2,2/28/2018,BCFS Health and Human Services,78232,$0
2018,ACF,93676,Unaccompanied Alien Children Program,,TX,90ZU0202,"Home Study and Post Release Services for Unaccompanied Children (Home Study Cases:1152, Post Release Cases: 4000)",00,2,2/8/2018,BCFS Health and Human Services,78232,"$2,500,000"
2018,ACF,93676,Unaccompanied Alien Children Program,,TX,90ZU0240,IES Casa Norma Linda,03,1,11/30/2017,"INTERNATIONAL EDUCATIONAL SERVICES, INC.",785660112,$0
2018,ACF,93676,Unaccompanied Alien Children Program,,TX,90ZU0240,IES Casa Norma Linda,01,1,11/2/2017,"INTERNATIONAL EDUCATIONAL SERVICES, INC.",785660112,$0
2018,ACF,93676,Unaccompanied Alien Children Program,,TX,90ZU0240,IES Casa Norma Linda,02,1,11/20/2017,"INTERNATIONAL EDUCATIONAL SERVICES, INC.",785660112,$0
2018,ACF,93676,Unaccompanied Alien Children Program,,TX,90ZU0234,IES Driscoll Shelter Care Program,02,1,11/17/2017,"INTERNATIONAL EDUCATIONAL SERVICES, INC.",785660112,$0
2018,ACF,93676,Unaccompanied Alien Children Program,,TX,90ZU0234,IES Driscoll Shelter Care Program,01,1,11/2/2017,"INTERNATIONAL EDUCATIONAL SERVICES, INC.",785660112,$0
2018,ACF,93676,Unaccompanied Alien Children Program,,TX,90ZU0234,IES Driscoll Shelter Care Program,03,1,11/27/2017,"INTERNATIONAL EDUCATIONAL SERVICES, INC.",785660112,$0
2018,ACF,93676,Unaccompanied Alien Children Program,,TX,90ZU0119,IES Emergency Shelter Care Program,03,2,11/22/2017,"INTERNATIONAL EDUCATIONAL SERVICES, INC.",785660112,$0
2018,ACF,93676,Unaccompanied Alien Children Program,,TX,90ZU0239,IES Emergency Shelter Care Program,01,1,11/2/2017,"INTERNATIONAL EDUCATIONAL SERVICES, INC.",785660112,$0
2018,ACF,93676,Unaccompanied Alien Children Program,,TX,90ZU0239,IES Emergency Shelter Care Program,02,1,11/20/2017,"INTERNATIONAL EDUCATIONAL SERVICES, INC.",785660112,$0
2018,ACF,93676,Unaccompanied Alien Children Program,,TX,90ZU0239,IES Emergency Shelter Care Program,03,1,11/30/2017,"INTERNATIONAL EDUCATIONAL SERVICES, INC.",785660112,$0
2018,ACF,93676,Unaccompanied Alien Children Program,,TX,90ZU0235,IES San Benito Shelter Care Program,03,1,11/30/2017,"INTERNATIONAL EDUCATIONAL SERVICES, INC.",785660112,$0
2018,ACF,93676,Unaccompanied Alien Children Program,,TX,90ZU0235,IES San Benito Shelter Care Program,01,1,11/2/2017,"INTERNATIONAL EDUCATIONAL SERVICES, INC.",785660112,$0
2018,ACF,93676,Unaccompanied Alien Children Program,,TX,90ZU0235,IES San Benito Shelter Care Program,02,1,11/20/2017,"INTERNATIONAL EDUCATIONAL SERVICES, INC.",785660112,$0
2018,ACF,93676,Unaccompanied Alien Children Program,,NY,90ZU0181,JCCA Long-Term Foster Care for Unaccompanied Children,04,1,1/8/2018,"JEWISH CHILD CARE ASSOCIATION, NEW YORK",100053909,"$249,613"
2018,ACF,93676,Unaccompanied Alien Children Program,,NY,90ZU0181,JCCA Long-Term Foster Care for Unaccompanied Children,01,2,4/30/2018,"JEWISH CHILD CARE ASSOCIATION, NEW YORK",100053909,$0
2018,ACF,93676,Unaccompanied Alien Children Program,,NY,90ZU0181,JCCA Long-Term Foster Care for Unaccompanied Children,02,2,6/11/2018,"JEWISH CHILD CARE ASSOCIATION, NEW YORK",100053909,"$1,191,138"
2018,ACF,93676,Unaccompanied Alien Children Program,,NY,90ZU0181,JCCA Long-Term Foster Care for Unaccompanied Children,00,2,2/8/2018,"JEWISH CHILD CARE ASSOCIATION, NEW YORK",100053909,"$595,569"
2018,ACF,93676,Unaccompanied Alien Children Program,,PA,90ZU0228,KidsPeace KidsHaven Shelter Services for UC,05,1,2/1/2018,"KidsPeace National Centers, Inc.",18078,"$773,480"
2018,ACF,93676,Unaccompanied Alien Children Program,,PA,90ZU0228,KidsPeace KidsHaven Shelter Services for UC,00,2,2/21/2018,"KidsPeace National Centers, Inc.",18078,"$3,448,116"
2018,ACF,93676,Unaccompanied Alien Children Program,,PA,90ZU0228,KidsPeace KidsHaven Shelter Services for UC,04,1,1/16/2018,"KidsPeace National Centers, Inc.",18078,"$3,063,095"
2018,ACF,93676,Unaccompanied Alien Children Program,,PA,90ZU0167,KidsPeace LTFC Program for UC,00,2,2/8/2018,"KidsPeace National Centers, Inc.",18078,"$144,279"
2018,ACF,93676,Unaccompanied Alien Children Program,,PA,90ZU0167,KidsPeace LTFC Program for UC,03,1,1/16/2018,"KidsPeace National Centers, Inc.",18078,"$133,244"
2018,ACF,93676,Unaccompanied Alien Children Program,,NY,90ZU0200,Leake & Watts Services' Passage of Hope Program for Unaccompanied Children -- Basic Shelter and Transitional Foster Care,04,1,1/8/2018,"LEAKE & WATTS SERVICES, INC.",10705,"$2,273,080"
2018,ACF,93676,Unaccompanied Alien Children Program,,NY,90ZU0200,Leake & Watts Services' Passage of Hope Program for Unaccompanied Children -- Basic Shelter and Transitional Foster Care,06,1,2/8/2018,"LEAKE & WATTS SERVICES, INC.",10705,"$252,859"
2018,ACF,93676,Unaccompanied Alien Children Program,,NY,90ZU0200,Leake & Watts Services' Passage of Hope Program for Unaccompanied Children -- Basic Shelter and Transitional Foster Care,03,2,5/31/2018,"LEAKE & WATTS SERVICES, INC.",10705,"$6,672,010"
2018,ACF,93676,Unaccompanied Alien Children Program,,NY,90ZU0200,Leake & Watts Services' Passage of Hope Program for Unaccompanied Children -- Basic Shelter and Transitional Foster Care,00,2,3/5/2018,"LEAKE & WATTS SERVICES, INC.",10705,"$3,336,006"
2018,ACF,93676,Unaccompanied Alien Children Program,,NY,90ZU0200,Leake & Watts Services' Passage of Hope Program for Unaccompanied Children -- Basic Shelter and Transitional Foster Care,05,1,1/16/2018,"LEAKE & WATTS SERVICES, INC.",10705,$0
2018,ACF,93676,Unaccompanied Alien Children Program,,NY,90ZU0200,Leake & Watts Services' Passage of Hope Program for Unaccompanied Children -- Basic Shelter and Transitional Foster Care,02,2,4/20/2018,"LEAKE & WATTS SERVICES, INC.",10705,$0
2018,ACF,93676,Unaccompanied Alien Children Program,,NY,90ZU0200,Leake & Watts Services' Passage of Hope Program for Unaccompanied Children -- Basic Shelter and Transitional Foster Care,01,2,3/22/2018,"LEAKE & WATTS SERVICES, INC.",10705,$0
2018,ACF,93676,Unaccompanied Alien Children Program,,NY,90ZU0170,Leake & Watts Services' Passage of Hope Program for Unaccompanied Children in Long Term Foster Care,03,1,12/14/2017,"LEAKE & WATTS SERVICES, INC.",10705,"$612,444"
2018,ACF,93676,Unaccompanied Alien Children Program,,NY,90ZU0170,Leake & Watts Services' Passage of Hope Program for Unaccompanied Children in Long Term Foster Care,00,2,2/8/2018,"LEAKE & WATTS SERVICES, INC.",10705,"$583,199"
2018,ACF,93676,Unaccompanied Alien Children Program,,NY,90ZU0170,Leake & Watts Services' Passage of Hope Program for Unaccompanied Children in Long Term Foster Care,01,2,3/2/2018,"LEAKE & WATTS SERVICES, INC.",10705,$0
2018,ACF,93676,Unaccompanied Alien Children Program,,NY,90ZU0170,Leake & Watts Services' Passage of Hope Program for Unaccompanied Children in Long Term Foster Care,02,2,6/11/2018,"LEAKE & WATTS SERVICES, INC.",10705,"$1,166,398"
2018,ACF,93676,Unaccompanied Alien Children Program,,NY,90ZU0211,Lincoln Hall Family Reunification Program,00,2,2/21/2018,Lincoln Hall,10541,"$4,086,253"
2018,ACF,93676,Unaccompanied Alien Children Program,,NY,90ZU0211,Lincoln Hall Family Reunification Program,05,1,1/25/2018,Lincoln Hall,10541,"$2,713,878"
2018,ACF,93676,Unaccompanied Alien Children Program,,NY,90ZU0211,Lincoln Hall Family Reunification Program,04,1,1/11/2018,Lincoln Hall,10541,"$1,485,075"
2018,ACF,93676,Unaccompanied Alien Children Program,,NY,90ZU0211,Lincoln Hall Family Reunification Program,01,2,6/11/2018,Lincoln Hall,10541,"$8,172,505"
2018,ACF,93676,Unaccompanied Alien Children Program,,NY,90ZU0160,Long Term Foster Care,01,2,4/20/2018,Cayuga Home for Children DBA Cayuga Centers,13021,$0
2018,ACF,93676,Unaccompanied Alien Children Program,,NY,90ZU0160,Long Term Foster Care,03,1,12/6/2017,Cayuga Home for Children DBA Cayuga Centers,13021,"$275,822"
2018,ACF,93676,Unaccompanied Alien Children Program,,NY,90ZU0160,Long Term Foster Care,02,2,5/10/2018,Cayuga Home for Children DBA Cayuga Centers,13021,"$440,629"
2018,ACF,93676,Unaccompanied Alien Children Program,,NY,90ZU0160,Long Term Foster Care,00,2,2/8/2018,Cayuga Home for Children DBA Cayuga Centers,13021,"$248,240"
2018,ACF,93676,Unaccompanied Alien Children Program,,OR,90ZU0180,Long Term Foster Care and Group Home Services for Unaccompanied Children,01,2,3/22/2018,Morrison Child & Family Services,97266,$0
2018,ACF,93676,Unaccompanied Alien Children Program,,OR,90ZU0180,Long Term Foster Care and Group Home Services for Unaccompanied Children,00,2,2/8/2018,Morrison Child & Family Services,97266,"$611,926"
2018,ACF,93676,Unaccompanied Alien Children Program,,OR,90ZU0180,Long Term Foster Care and Group Home Services for Unaccompanied Children,04,1,12/5/2017,Morrison Child & Family Services,97266,"$613,653"
2018,ACF,93676,Unaccompanied Alien Children Program,,OR,90ZU0180,Long Term Foster Care and Group Home Services for Unaccompanied Children,02,2,6/11/2018,Morrison Child & Family Services,97266,"$1,223,852"
2018,ACF,93676,Unaccompanied Alien Children Program,,NY,90ZU0179,Long Term Foster Care for Unaccompanied Children,00,2,2/8/2018,ABBOTT HOUSE,105331254,"$365,756"
2018,ACF,93676,Unaccompanied Alien Children Program,,NY,90ZU0179,Long Term Foster Care for Unaccompanied Children,02,2,5/31/2018,ABBOTT HOUSE,105331254,"$731,512"
2018,ACF,93676,Unaccompanied Alien Children Program,,NY,90ZU0179,Long Term Foster Care for Unaccompanied Children,01,2,4/20/2018,ABBOTT HOUSE,105331254,$0
2018,ACF,93676,Unaccompanied Alien Children Program,,NY,90ZU0179,Long Term Foster Care for Unaccompanied Children,03,1,12/15/2017,ABBOTT HOUSE,105331254,"$315,356"
2018,ACF,93676,Unaccompanied Alien Children Program,,NY,90ZU0185,Lutheran Social Services of New York Residential Services for UC,00,2,2/8/2018,"Lutheran Social Services of Metropolitan New York, Inc.",10115,"$1,328,013"
2018,ACF,93676,Unaccompanied Alien Children Program,,NY,90ZU0185,Lutheran Social Services of New York Residential Services for UC,01,2,4/20/2018,"Lutheran Social Services of Metropolitan New York, Inc.",10115,$0
2018,ACF,93676,Unaccompanied Alien Children Program,,NY,90ZU0185,Lutheran Social Services of New York Residential Services for UC,02,1,12/21/2017,"Lutheran Social Services of Metropolitan New York, Inc.",10115,"$1,003,706"
2018,ACF,93676,Unaccompanied Alien Children Program,,NY,90ZU0185,Lutheran Social Services of New York Residential Services for UC,02,2,6/11/2018,"Lutheran Social Services of Metropolitan New York, Inc.",10115,"$2,656,025"
2018,ACF,93676,Unaccompanied Alien Children Program,,IL,90ZU0226,Maryville Unaccompanied Children's Program,00,2,2/9/2018,MARYVILLE ACADEMY,60016,"$1,589,942"
2018,ACF,93676,Unaccompanied Alien Children Program,,IL,90ZU0226,Maryville Unaccompanied Children's Program,06,1,1/11/2018,MARYVILLE ACADEMY,60016,"$903,009"
2018,ACF,93676,Unaccompanied Alien Children Program,,IL,90ZU0226,Maryville Unaccompanied Children's Program,02,2,5/10/2018,MARYVILLE ACADEMY,60016,"$3,179,883"
2018,ACF,93676,Unaccompanied Alien Children Program,,IL,90ZU0226,Maryville Unaccompanied Children's Program,01,2,4/20/2018,MARYVILLE ACADEMY,60016,$0
2018,ACF,93676,Unaccompanied Alien Children Program,,IL,90ZU0226,Maryville Unaccompanied Children's Program,05,1,10/25/2017,MARYVILLE ACADEMY,60016,$0
2018,ACF,93676,Unaccompanied Alien Children Program,,IL,90ZU0226,Maryville Unaccompanied Children's Program,07,1,1/24/2018,MARYVILLE ACADEMY,60016,"$206,667"
2018,ACF,93676,Unaccompanied Alien Children Program,,WA,90ZU0150,ORR/DCS Residential Services for UAC,06,3,2/1/2018,FRIENDS OF YOUTH,980523536,"$869,541"
2018,ACF,93676,Unaccompanied Alien Children Program,,WA,90ZU0150,ORR/DCS Residential Services for UAC,07,3,5/10/2018,FRIENDS OF YOUTH,980523536,"$1,739,082"
2018,ACF,93676,Unaccompanied Alien Children Program,,WA,90ZU0150,ORR/DCS Residential Services for UAC,03,3,11/14/2017,FRIENDS OF YOUTH,980523536,"$869,541"
2018,ACF,93676,Unaccompanied Alien Children Program,,WA,90ZU0150,ORR/DCS Residential Services for UAC,05,3,1/31/2018,FRIENDS OF YOUTH,980523536,$0
2018,ACF,93676,Unaccompanied Alien Children Program,,WA,90ZU0150,ORR/DCS Residential Services for UAC,04,3,11/21/2017,FRIENDS OF YOUTH,980523536,"$1,103,007"
2018,ACF,93676,Unaccompanied Alien Children Program,,WA,90ZU0150,ORR/DCS Residential Services for UAC,08,3,6/11/2018,FRIENDS OF YOUTH,980523536,$0
2018,ACF,93676,Unaccompanied Alien Children Program,,TX,90ZU0241,PALM VALLEY FOSTER CARE PROGRAM,01,1,11/2/2017,"INTERNATIONAL EDUCATIONAL SERVICES, INC.",785660112,$0
2018,ACF,93676,Unaccompanied Alien Children Program,,TX,90ZU0241,PALM VALLEY FOSTER CARE PROGRAM,03,1,11/30/2017,"INTERNATIONAL EDUCATIONAL SERVICES, INC.",785660112,$0
2018,ACF,93676,Unaccompanied Alien Children Program,,TX,90ZU0241,PALM VALLEY FOSTER CARE PROGRAM,02,1,11/20/2017,"INTERNATIONAL EDUCATIONAL SERVICES, INC.",785660112,$0
2018,ACF,93676,Unaccompanied Alien Children Program,,NY,90ZU0204,Post Release and Home Study Services for UC,04,1,1/16/2018,THE CHILDREN`S VILLAGE INC.,10522,$0
2018,ACF,93676,Unaccompanied Alien Children Program,,NY,90ZU0204,Post Release and Home Study Services for UC,00,2,2/8/2018,THE CHILDREN`S VILLAGE INC.,10522,"$253,458"
2018,ACF,93676,Unaccompanied Alien Children Program,,NY,90ZU0204,Post Release and Home Study Services for UC,03,1,1/11/2018,THE CHILDREN`S VILLAGE INC.,10522,"$253,456"
2018,ACF,93676,Unaccompanied Alien Children Program,,NY,90ZU0204,Post Release and Home Study Services for UC,01,2,2/28/2018,THE CHILDREN`S VILLAGE INC.,10522,$0
2018,ACF,93676,Unaccompanied Alien Children Program,,NY,90ZU0204,Post Release and Home Study Services for UC,02,2,5/31/2018,THE CHILDREN`S VILLAGE INC.,10522,"$506,915"
2018,ACF,93676,Unaccompanied Alien Children Program,,IL,90ZU0190,Post Release and Home Study Services for Unaccompanied Alien Children,02,2,5/10/2018,"HEARTLAND HUMAN CARE SERVICES, INC",606041156,"$1,071,849"
2018,ACF,93676,Unaccompanied Alien Children Program,,IL,90ZU0190,Post Release and Home Study Services for Unaccompanied Alien Children,01,2,3/22/2018,"HEARTLAND HUMAN CARE SERVICES, INC",606041156,$0
2018,ACF,93676,Unaccompanied Alien Children Program,,IL,90ZU0190,Post Release and Home Study Services for Unaccompanied Alien Children,05,1,12/5/2017,"HEARTLAND HUMAN CARE SERVICES, INC",606041156,"$535,924"
2018,ACF,93676,Unaccompanied Alien Children Program,,IL,90ZU0190,Post Release and Home Study Services for Unaccompanied Alien Children,06,1,12/15/2017,"HEARTLAND HUMAN CARE SERVICES, INC",606041156,$0
2018,ACF,93676,Unaccompanied Alien Children Program,,IL,90ZU0190,Post Release and Home Study Services for Unaccompanied Alien Children,00,2,2/8/2018,"HEARTLAND HUMAN CARE SERVICES, INC",606041156,"$535,925"
2018,ACF,93676,Unaccompanied Alien Children Program,,CA,90ZU0203,Provide Services to ensure that the UAC is placed in a conducive and nurturing environment while providing case management for the UAC to successfully integrate them into their environment,03,1,1/16/2018,Florence Crittenton Services of Orange County,928313847,"$250,000"
2018,ACF,93676,Unaccompanied Alien Children Program,,CA,90ZU0203,Provide Services to ensure that the UAC is placed in a conducive and nurturing environment while providing case management for the UAC to successfully integrate them into their environment,00,2,2/8/2018,Florence Crittenton Services of Orange County,928313847,"$250,000"
2018,ACF,93676,Unaccompanied Alien Children Program,,CA,90ZU0203,Provide Services to ensure that the UAC is placed in a conducive and nurturing environment while providing case management for the UAC to successfully integrate them into their environment,01,2,2/28/2018,Florence Crittenton Services of Orange County,928313847,$0
2018,ACF,93676,Unaccompanied Alien Children Program,,CA,90ZU0203,Provide Services to ensure that the UAC is placed in a conducive and nurturing environment while providing case management for the UAC to successfully integrate them into their environment,02,2,6/11/2018,Florence Crittenton Services of Orange County,928313847,"$500,000"
2018,ACF,93676,Unaccompanied Alien Children Program,,NY,90ZU0188,Residential (Shelter) Services for Unaccompanied Children (TRANSITIONAL FOSTER CARE SUBMISSION),03,1,1/11/2018,Cayuga Home for Children DBA Cayuga Centers,13021,"$5,845,566"
2018,ACF,93676,Unaccompanied Alien Children Program,,NY,90ZU0188,Residential (Shelter) Services for Unaccompanied Children (TRANSITIONAL FOSTER CARE SUBMISSION),01,2,5/31/2018,Cayuga Home for Children DBA Cayuga Centers,13021,"$20,850,800"
2018,ACF,93676,Unaccompanied Alien Children Program,,NY,90ZU0188,Residential (Shelter) Services for Unaccompanied Children (TRANSITIONAL FOSTER CARE SUBMISSION),04,1,2/8/2018,Cayuga Home for Children DBA Cayuga Centers,13021,"$2,478,064"
2018,ACF,93676,Unaccompanied Alien Children Program,,NY,90ZU0188,Residential (Shelter) Services for Unaccompanied Children (TRANSITIONAL FOSTER CARE SUBMISSION),00,2,3/22/2018,Cayuga Home for Children DBA Cayuga Centers,13021,"$9,827,505"
2018,ACF,93676,Unaccompanied Alien Children Program,,TX,90ZU0183,"Residential Long Term Foster Care Services for Unaccompanied Children - El Paso, Texas",04,1,12/8/2017,"LUTHERAN SOCIAL SERVICES OF THE SOUTH,INC.",787659589,"$252,500"
2018,ACF,93676,Unaccompanied Alien Children Program,,TX,90ZU0183,"Residential Long Term Foster Care Services for Unaccompanied Children - El Paso, Texas",01,2,6/11/2018,"LUTHERAN SOCIAL SERVICES OF THE SOUTH,INC.",787659589,"$453,068"
2018,ACF,93676,Unaccompanied Alien Children Program,,TX,90ZU0183,"Residential Long Term Foster Care Services for Unaccompanied Children - El Paso, Texas",00,2,2/21/2018,"LUTHERAN SOCIAL SERVICES OF THE SOUTH,INC.",787659589,"$226,534"
2018,ACF,93676,Unaccompanied Alien Children Program,,NY,90ZU0154,Residential Services for UAC,06,3,11/6/2017,THE CHILDREN`S VILLAGE INC.,10522,"$4,519,000"
2018,ACF,93676,Unaccompanied Alien Children Program,,NY,90ZU0154,Residential Services for UAC,07,3,3/5/2018,THE CHILDREN`S VILLAGE INC.,10522,"$4,519,000"
2018,ACF,93676,Unaccompanied Alien Children Program,,NY,90ZU0154,Residential Services for UAC,08,3,5/2/2018,THE CHILDREN`S VILLAGE INC.,10522,"$9,447,190"
2018,ACF,93676,Unaccompanied Alien Children Program,,FL,90ZU0222,Residential Shelter Services for 81 Unaccompanied Children,02,2,6/11/2018,CATHOLIC CHARITIES OF THE ARCHDIOCESE OF MIAMI INC,331382970,"$2,383,598"
2018,ACF,93676,Unaccompanied Alien Children Program,,FL,90ZU0222,Residential Shelter Services for 81 Unaccompanied Children,03,1,2/1/2018,CATHOLIC CHARITIES OF THE ARCHDIOCESE OF MIAMI INC,331382970,"$1,411,656"
2018,ACF,93676,Unaccompanied Alien Children Program,,FL,90ZU0222,Residential Shelter Services for 81 Unaccompanied Children,01,2,3/22/2018,CATHOLIC CHARITIES OF THE ARCHDIOCESE OF MIAMI INC,331382970,$0
2018,ACF,93676,Unaccompanied Alien Children Program,,FL,90ZU0222,Residential Shelter Services for 81 Unaccompanied Children,00,2,2/9/2018,CATHOLIC CHARITIES OF THE ARCHDIOCESE OF MIAMI INC,331382970,"$1,191,799"
2018,ACF,93676,Unaccompanied Alien Children Program,,CT,90ZU0187,"Residential Shelter Services for UC male or female, including pregnant and parenting",01,2,3/22/2018,"Noank Community Support Services, Inc.",06340,$0
2018,ACF,93676,Unaccompanied Alien Children Program,,CT,90ZU0187,"Residential Shelter Services for UC male or female, including pregnant and parenting",05,1,12/1/2017,"Noank Community Support Services, Inc.",06340,"$238,372"
2018,ACF,93676,Unaccompanied Alien Children Program,,CT,90ZU0187,"Residential Shelter Services for UC male or female, including pregnant and parenting",00,2,2/8/2018,"Noank Community Support Services, Inc.",06340,"$247,139"
2018,ACF,93676,Unaccompanied Alien Children Program,,CT,90ZU0187,"Residential Shelter Services for UC male or female, including pregnant and parenting",02,2,5/10/2018,"Noank Community Support Services, Inc.",06340,"$494,278"
2018,ACF,93676,Unaccompanied Alien Children Program,,CT,90ZU0187,"Residential Shelter Services for UC male or female, including pregnant and parenting",06,1,1/24/2018,"Noank Community Support Services, Inc.",06340,"$6,426"
2018,ACF,93676,Unaccompanied Alien Children Program,,NJ,90ZU0215,Residential Shelter Services for Unaccompanied Alien Children - Juntos Shelter Program,00,2,2/8/2018,"CENTER FOR FAMILY SERVICES, INC",081031324,"$1,001,603"
2018,ACF,93676,Unaccompanied Alien Children Program,,NJ,90ZU0215,Residential Shelter Services for Unaccompanied Alien Children - Juntos Shelter Program,04,1,12/5/2017,"CENTER FOR FAMILY SERVICES, INC",081031324,$0
2018,ACF,93676,Unaccompanied Alien Children Program,,NJ,90ZU0215,Residential Shelter Services for Unaccompanied Alien Children - Juntos Shelter Program,02,2,5/10/2018,"CENTER FOR FAMILY SERVICES, INC",081031324,"$2,003,205"
2018,ACF,93676,Unaccompanied Alien Children Program,,NJ,90ZU0215,Residential Shelter Services for Unaccompanied Alien Children - Juntos Shelter Program,05,1,12/8/2017,"CENTER FOR FAMILY SERVICES, INC",081031324,"$966,051"
2018,ACF,93676,Unaccompanied Alien Children Program,,NJ,90ZU0215,Residential Shelter Services for Unaccompanied Alien Children - Juntos Shelter Program,01,2,3/22/2018,"CENTER FOR FAMILY SERVICES, INC",081031324,$0
2018,ACF,93676,Unaccompanied Alien Children Program,,TX,90ZU0231,Residential Shelter Services for Unaccompanied Children,00,2,2/21/2018,"LUTHERAN SOCIAL SERVICES OF THE SOUTH,INC.",787659589,"$3,339,883"
2018,ACF,93676,Unaccompanied Alien Children Program,,TX,90ZU0231,Residential Shelter Services for Unaccompanied Children,01,2,6/11/2018,"LUTHERAN SOCIAL SERVICES OF THE SOUTH,INC.",787659589,"$6,679,766"
2018,ACF,93676,Unaccompanied Alien Children Program,,TX,90ZU0231,Residential Shelter Services for Unaccompanied Children,06,1,1/25/2018,"LUTHERAN SOCIAL SERVICES OF THE SOUTH,INC.",787659589,"$266,803"
2018,ACF,93676,Unaccompanied Alien Children Program,,TX,90ZU0231,Residential Shelter Services for Unaccompanied Children,05,1,12/8/2017,"LUTHERAN SOCIAL SERVICES OF THE SOUTH,INC.",787659589,"$2,727,678"
2018,ACF,93676,Unaccompanied Alien Children Program,,TX,90ZU0232,"Residential Transitional Foster Care Services for Unaccompanied Children - Corpus Christi, Texas",06,1,1/9/2018,"LUTHERAN SOCIAL SERVICES OF THE SOUTH,INC.",787659589,"$44,302"
2018,ACF,93676,Unaccompanied Alien Children Program,,TX,90ZU0232,"Residential Transitional Foster Care Services for Unaccompanied Children - Corpus Christi, Texas",07,1,1/26/2018,"LUTHERAN SOCIAL SERVICES OF THE SOUTH,INC.",787659589,"$50,023"
2018,ACF,93676,Unaccompanied Alien Children Program,,TX,90ZU0232,"Residential Transitional Foster Care Services for Unaccompanied Children - Corpus Christi, Texas",05,1,12/8/2017,"LUTHERAN SOCIAL SERVICES OF THE SOUTH,INC.",787659589,"$507,098"
2018,ACF,93676,Unaccompanied Alien Children Program,,TX,90ZU0232,"Residential Transitional Foster Care Services for Unaccompanied Children - Corpus Christi, Texas",00,2,2/21/2018,"LUTHERAN SOCIAL SERVICES OF THE SOUTH,INC.",787659589,"$808,711"
2018,ACF,93676,Unaccompanied Alien Children Program,,TX,90ZU0232,"Residential Transitional Foster Care Services for Unaccompanied Children - Corpus Christi, Texas",01,2,6/11/2018,"LUTHERAN SOCIAL SERVICES OF THE SOUTH,INC.",787659589,"$1,617,421"
2018,ACF,93676,Unaccompanied Alien Children Program,,TX,90ZU0229,"Residential Transitional Foster Care Services for Unaccompanied Children - El Paso, Texas",06,1,1/25/2018,"LUTHERAN SOCIAL SERVICES OF THE SOUTH,INC.",787659589,"$80,042"
2018,ACF,93676,Unaccompanied Alien Children Program,,TX,90ZU0229,"Residential Transitional Foster Care Services for Unaccompanied Children - El Paso, Texas",01,2,6/11/2018,"LUTHERAN SOCIAL SERVICES OF THE SOUTH,INC.",787659589,"$1,355,222"
2018,ACF,93676,Unaccompanied Alien Children Program,,TX,90ZU0229,"Residential Transitional Foster Care Services for Unaccompanied Children - El Paso, Texas",05,1,12/8/2017,"LUTHERAN SOCIAL SERVICES OF THE SOUTH,INC.",787659589,"$382,828"
2018,ACF,93676,Unaccompanied Alien Children Program,,TX,90ZU0229,"Residential Transitional Foster Care Services for Unaccompanied Children - El Paso, Texas",00,2,2/21/2018,"LUTHERAN SOCIAL SERVICES OF THE SOUTH,INC.",787659589,"$677,611"
2018,ACF,93676,Unaccompanied Alien Children Program,,NV,90ZU0212,Rite of Passage Shelter Program,05,1,1/11/2018,"Rite of Passage, Inc",89423,"$774,314"
2018,ACF,93676,Unaccompanied Alien Children Program,,NV,90ZU0212,Rite of Passage Shelter Program,01,2,3/22/2018,"Rite of Passage, Inc",89423,$0
2018,ACF,93676,Unaccompanied Alien Children Program,,NV,90ZU0212,Rite of Passage Shelter Program,02,2,5/10/2018,"Rite of Passage, Inc",89423,"$2,816,212"
2018,ACF,93676,Unaccompanied Alien Children Program,,NV,90ZU0212,Rite of Passage Shelter Program,00,2,2/8/2018,"Rite of Passage, Inc",89423,"$1,408,106"
2018,ACF,93676,Unaccompanied Alien Children Program,,NV,90ZU0212,Rite of Passage Shelter Program,06,1,1/24/2018,"Rite of Passage, Inc",89423,"$272,226"
2018,ACF,93676,Unaccompanied Alien Children Program,,NY,90ZU0217,START With Hope- Home Study Post Release Services,03,1,1/8/2018,Mercy First,11791,"$128,115"
2018,ACF,93676,Unaccompanied Alien Children Program,,NY,90ZU0217,START With Hope- Home Study Post Release Services,00,2,2/8/2018,Mercy First,11791,"$128,115"
2018,ACF,93676,Unaccompanied Alien Children Program,,NY,90ZU0217,START With Hope- Home Study Post Release Services,02,2,6/11/2018,Mercy First,11791,"$256,230"
2018,ACF,93676,Unaccompanied Alien Children Program,,NY,90ZU0217,START With Hope- Home Study Post Release Services,01,2,2/28/2018,Mercy First,11791,$0
2018,ACF,93676,Unaccompanied Alien Children Program,,NY,90ZU0166,START with Hope RTC Program for Unaccompanied Children,03,1,12/11/2017,Mercy First,11791,"$476,828"
2018,ACF,93676,Unaccompanied Alien Children Program,,NY,90ZU0166,START with Hope RTC Program for Unaccompanied Children,01,2,2/23/2018,Mercy First,11791,$0
2018,ACF,93676,Unaccompanied Alien Children Program,,NY,90ZU0166,START with Hope RTC Program for Unaccompanied Children,00,2,2/8/2018,Mercy First,11791,"$551,754"
2018,ACF,93676,Unaccompanied Alien Children Program,,NY,90ZU0166,START with Hope RTC Program for Unaccompanied Children,02,2,5/31/2018,Mercy First,11791,"$1,103,508"
2018,ACF,93676,Unaccompanied Alien Children Program,,NY,90ZU0220,START with Hope Residential Shelter for Unaccompanied Children,00,2,4/3/2018,Mercy First,11791,"$1,590,332"
2018,ACF,93676,Unaccompanied Alien Children Program,,NY,90ZU0220,START with Hope Residential Shelter for Unaccompanied Children,05,1,1/26/2018,Mercy First,11791,"$83,574"
2018,ACF,93676,Unaccompanied Alien Children Program,,NY,90ZU0220,START with Hope Residential Shelter for Unaccompanied Children,04,1,1/9/2018,Mercy First,11791,"$764,339"
2018,ACF,93676,Unaccompanied Alien Children Program,,NY,90ZU0220,START with Hope Residential Shelter for Unaccompanied Children,06,1,2/7/2018,Mercy First,11791,"$1,311,384"
2018,ACF,93676,Unaccompanied Alien Children Program,,NY,90ZU0220,START with Hope Residential Shelter for Unaccompanied Children,01,2,6/7/2018,Mercy First,11791,$0
2018,ACF,93676,Unaccompanied Alien Children Program,,MD,90ZU0223,Shelter and Fingerprinting Services,02,2,5/10/2018,LUTHERAN IMMIGRATION & REFUGEE SERVICE,212303850,"$7,471,815"
2018,ACF,93676,Unaccompanied Alien Children Program,,MD,90ZU0223,Shelter and Fingerprinting Services,04,1,12/5/2017,LUTHERAN IMMIGRATION & REFUGEE SERVICE,212303850,"$2,412,467"
2018,ACF,93676,Unaccompanied Alien Children Program,,MD,90ZU0223,Shelter and Fingerprinting Services,00,2,2/9/2018,LUTHERAN IMMIGRATION & REFUGEE SERVICE,212303850,"$3,735,908"
2018,ACF,93676,Unaccompanied Alien Children Program,,MD,90ZU0223,Shelter and Fingerprinting Services,05,1,12/21/2017,LUTHERAN IMMIGRATION & REFUGEE SERVICE,212303850,$0
2018,ACF,93676,Unaccompanied Alien Children Program,,MD,90ZU0223,Shelter and Fingerprinting Services,01,2,3/22/2018,LUTHERAN IMMIGRATION & REFUGEE SERVICE,212303850,$0
2018,ACF,93676,Unaccompanied Alien Children Program,,NY,90ZU0225,Shelter services for unaccompanied children,03,1,1/11/2018,ABBOTT HOUSE,105331254,"$1,250,155"
2018,ACF,93676,Unaccompanied Alien Children Program,,NY,90ZU0225,Shelter services for unaccompanied children,00,2,2/9/2018,ABBOTT HOUSE,105331254,"$1,270,473"
2018,ACF,93676,Unaccompanied Alien Children Program,,VA,90ZU0174,Shenandoah Valley Juvenile Center - Office of Refugee Resettlement/ Division of Children Services Residential (Secure) Services for Unaccompanied Children,00,2,2/8/2018,Shenandoah Valley Juvenile Detention Home,24401,"$787,892"
2018,ACF,93676,Unaccompanied Alien Children Program,,VA,90ZU0174,Shenandoah Valley Juvenile Center - Office of Refugee Resettlement/ Division of Children Services Residential (Secure) Services for Unaccompanied Children,04,1,12/5/2017,Shenandoah Valley Juvenile Detention Home,24401,"$737,876"
2018,ACF,93676,Unaccompanied Alien Children Program,,VA,90ZU0174,Shenandoah Valley Juvenile Center - Office of Refugee Resettlement/ Division of Children Services Residential (Secure) Services for Unaccompanied Children,01,2,3/22/2018,Shenandoah Valley Juvenile Detention Home,24401,$0
2018,ACF,93676,Unaccompanied Alien Children Program,,VA,90ZU0174,Shenandoah Valley Juvenile Center - Office of Refugee Resettlement/ Division of Children Services Residential (Secure) Services for Unaccompanied Children,02,2,5/10/2018,Shenandoah Valley Juvenile Detention Home,24401,"$1,575,783"
2018,ACF,93676,Unaccompanied Alien Children Program,,VA,90ZU0175,Shenandoah Valley Juvenile Center - Office of Refugee Resettlement/ Division of Children Services Residential (Secure) Services for Unaccompanied Children - 10 BED,01,2,3/22/2018,Shenandoah Valley Juvenile Detention Home,24401,$0
2018,ACF,93676,Unaccompanied Alien Children Program,,VA,90ZU0175,Shenandoah Valley Juvenile Center - Office of Refugee Resettlement/ Division of Children Services Residential (Secure) Services for Unaccompanied Children - 10 BED,00,2,2/8/2018,Shenandoah Valley Juvenile Detention Home,24401,"$405,884"
2018,ACF,93676,Unaccompanied Alien Children Program,,VA,90ZU0175,Shenandoah Valley Juvenile Center - Office of Refugee Resettlement/ Division of Children Services Residential (Secure) Services for Unaccompanied Children - 10 BED,04,1,12/5/2017,Shenandoah Valley Juvenile Detention Home,24401,"$380,118"
2018,ACF,93676,Unaccompanied Alien Children Program,,VA,90ZU0175,Shenandoah Valley Juvenile Center - Office of Refugee Resettlement/ Division of Children Services Residential (Secure) Services for Unaccompanied Children - 10 BED,02,2,5/10/2018,Shenandoah Valley Juvenile Detention Home,24401,"$811,767"
2018,ACF,93676,Unaccompanied Alien Children Program,,TX,90ZU0156,Shiloh Boys: Stabilize Treat Release,00,2,2/8/2018,"Shiloh Treatment Center, Inc.",77578,"$653,695"
2018,ACF,93676,Unaccompanied Alien Children Program,,TX,90ZU0156,Shiloh Boys: Stabilize Treat Release,01,2,3/22/2018,"Shiloh Treatment Center, Inc.",77578,$0
2018,ACF,93676,Unaccompanied Alien Children Program,,TX,90ZU0156,Shiloh Boys: Stabilize Treat Release,02,2,5/10/2018,"Shiloh Treatment Center, Inc.",77578,"$1,307,390"
2018,ACF,93676,Unaccompanied Alien Children Program,,TX,90ZU0156,Shiloh Boys: Stabilize Treat Release,04,1,12/5/2017,"Shiloh Treatment Center, Inc.",77578,"$651,660"
2018,ACF,93676,Unaccompanied Alien Children Program,,TX,90ZU0155,Shiloh Girls: Stabilize Treat Release,02,2,5/10/2018,"Shiloh Treatment Center, Inc.",77578,"$1,307,390"
2018,ACF,93676,Unaccompanied Alien Children Program,,TX,90ZU0155,Shiloh Girls: Stabilize Treat Release,04,1,12/1/2017,"Shiloh Treatment Center, Inc.",77578,"$651,660"
2018,ACF,93676,Unaccompanied Alien Children Program,,TX,90ZU0155,Shiloh Girls: Stabilize Treat Release,00,2,2/8/2018,"Shiloh Treatment Center, Inc.",77578,"$653,695"
2018,ACF,93676,Unaccompanied Alien Children Program,,TX,90ZU0155,Shiloh Girls: Stabilize Treat Release,01,2,3/22/2018,"Shiloh Treatment Center, Inc.",77578,$0
2018,ACF,93676,Unaccompanied Alien Children Program,,TX,90ZU0218,Southwest Key Programs Home Study and Post Release Services for Unaccompanied Alien Children,02,2,5/10/2018,"SOUTHWEST KEY PROGRAMS, INC.",78704,"$1,979,090"
2018,ACF,93676,Unaccompanied Alien Children Program,,TX,90ZU0218,Southwest Key Programs Home Study and Post Release Services for Unaccompanied Alien Children,01,2,3/22/2018,"SOUTHWEST KEY PROGRAMS, INC.",78704,$0
2018,ACF,93676,Unaccompanied Alien Children Program,,TX,90ZU0218,Southwest Key Programs Home Study and Post Release Services for Unaccompanied Alien Children,00,2,2/21/2018,"SOUTHWEST KEY PROGRAMS, INC.",78704,"$989,545"
2018,ACF,93676,Unaccompanied Alien Children Program,,TX,90ZU0218,Southwest Key Programs Home Study and Post Release Services for Unaccompanied Alien Children,05,1,12/5/2017,"SOUTHWEST KEY PROGRAMS, INC.",78704,"$989,545"
2018,ACF,93676,Unaccompanied Alien Children Program,,TX,90ZU0153,Southwest Key Programs' Unaccompanied Alien Children's Shelters,08,3,1/30/2018,"SOUTHWEST KEY PROGRAMS, INC.",78704,"$25,437,995"
2018,ACF,93676,Unaccompanied Alien Children Program,,TX,90ZU0153,Southwest Key Programs' Unaccompanied Alien Children's Shelters,05,3,11/6/2017,"SOUTHWEST KEY PROGRAMS, INC.",78704,"$25,437,995"
2018,ACF,93676,Unaccompanied Alien Children Program,,TX,90ZU0153,Southwest Key Programs' Unaccompanied Alien Children's Shelters,07,3,12/18/2017,"SOUTHWEST KEY PROGRAMS, INC.",78704,"$11,697,281"
2018,ACF,93676,Unaccompanied Alien Children Program,,TX,90ZU0153,Southwest Key Programs' Unaccompanied Alien Children's Shelters,10,3,5/10/2018,"SOUTHWEST KEY PROGRAMS, INC.",78704,"$81,300,000"
2018,ACF,93676,Unaccompanied Alien Children Program,,TX,90ZU0153,Southwest Key Programs' Unaccompanied Alien Children's Shelters,06,3,12/8/2017,"SOUTHWEST KEY PROGRAMS, INC.",78704,"$3,859,490"
2018,ACF,93676,Unaccompanied Alien Children Program,,TX,90ZU0153,Southwest Key Programs' Unaccompanied Alien Children's Shelters,09,3,5/4/2018,"SOUTHWEST KEY PROGRAMS, INC.",78704,"$6,653,558"
2018,ACF,93676,Unaccompanied Alien Children Program,,TX,90ZU0149,Southwest Key Programs' Unaccompanied Alien Children's Shelters - California and Texas Regions,06,3,12/15/2017,"SOUTHWEST KEY PROGRAMS, INC.",78704,"$1,743,960"
2018,ACF,93676,Unaccompanied Alien Children Program,,TX,90ZU0149,Southwest Key Programs' Unaccompanied Alien Children's Shelters - California and Texas Regions,09,3,5/10/2018,"SOUTHWEST KEY PROGRAMS, INC.",78704,"$16,400,000"
2018,ACF,93676,Unaccompanied Alien Children Program,,TX,90ZU0149,Southwest Key Programs' Unaccompanied Alien Children's Shelters - California and Texas Regions,08,3,1/30/2018,"SOUTHWEST KEY PROGRAMS, INC.",78704,"$6,561,638"
2018,ACF,93676,Unaccompanied Alien Children Program,,TX,90ZU0149,Southwest Key Programs' Unaccompanied Alien Children's Shelters - California and Texas Regions,05,3,11/6/2017,"SOUTHWEST KEY PROGRAMS, INC.",78704,"$7,096,183"
2018,ACF,93676,Unaccompanied Alien Children Program,,TX,90ZU0149,Southwest Key Programs' Unaccompanied Alien Children's Shelters - California and Texas Regions,07,3,12/27/2017,"SOUTHWEST KEY PROGRAMS, INC.",78704,"$311,663"
2018,ACF,93676,Unaccompanied Alien Children Program,,TX,90ZU0148,Southwest Key Programs' Unaccompanied Alien Children's Shelters - Texas Programs,15,3,3/22/2018,"SOUTHWEST KEY PROGRAMS, INC.",78704,"$1,213,350"
2018,ACF,93676,Unaccompanied Alien Children Program,,TX,90ZU0148,Southwest Key Programs' Unaccompanied Alien Children's Shelters - Texas Programs,12,3,1/10/2018,"SOUTHWEST KEY PROGRAMS, INC.",78704,"$17,012,955"
2018,ACF,93676,Unaccompanied Alien Children Program,,TX,90ZU0148,Southwest Key Programs' Unaccompanied Alien Children's Shelters - Texas Programs,16,3,5/2/2018,"SOUTHWEST KEY PROGRAMS, INC.",78704,$0
2018,ACF,93676,Unaccompanied Alien Children Program,,TX,90ZU0148,Southwest Key Programs' Unaccompanied Alien Children's Shelters - Texas Programs,13,3,1/30/2018,"SOUTHWEST KEY PROGRAMS, INC.",78704,"$37,335,920"
2018,ACF,93676,Unaccompanied Alien Children Program,,TX,90ZU0148,Southwest Key Programs' Unaccompanied Alien Children's Shelters - Texas Programs,10,3,12/5/2017,"SOUTHWEST KEY PROGRAMS, INC.",78704,$0
2018,ACF,93676,Unaccompanied Alien Children Program,,TX,90ZU0148,Southwest Key Programs' Unaccompanied Alien Children's Shelters - Texas Programs,11,3,12/15/2017,"SOUTHWEST KEY PROGRAMS, INC.",78704,"$14,968,200"
2018,ACF,93676,Unaccompanied Alien Children Program,,TX,90ZU0148,Southwest Key Programs' Unaccompanied Alien Children's Shelters - Texas Programs,09,3,11/14/2017,"SOUTHWEST KEY PROGRAMS, INC.",78704,"$37,335,920"
2018,ACF,93676,Unaccompanied Alien Children Program,,TX,90ZU0148,Southwest Key Programs' Unaccompanied Alien Children's Shelters - Texas Programs,17,3,6/11/2018,"SOUTHWEST KEY PROGRAMS, INC.",78704,"$147,834,542"
2018,ACF,93676,Unaccompanied Alien Children Program,,TX,90ZU0148,Southwest Key Programs' Unaccompanied Alien Children's Shelters - Texas Programs,14,3,2/7/2018,"SOUTHWEST KEY PROGRAMS, INC.",78704,"$12,500,000"
2018,ACF,93676,Unaccompanied Alien Children Program,,TX,90ZU0196,St. Michael's Homes for ChildrenShelter Care for Unaccompanied Alien Minors,00,2,2/8/2018,CATHOLIC CHARITIES OF THE DIOCESE OF GALVESTON-HOUSTON,77006,"$1,551,597"
2018,ACF,93676,Unaccompanied Alien Children Program,,TX,90ZU0196,St. Michael's Homes for ChildrenShelter Care for Unaccompanied Alien Minors,06,1,1/24/2018,CATHOLIC CHARITIES OF THE DIOCESE OF GALVESTON-HOUSTON,77006,"$209,432"
2018,ACF,93676,Unaccompanied Alien Children Program,,TX,90ZU0196,St. Michael's Homes for ChildrenShelter Care for Unaccompanied Alien Minors,01,2,3/22/2018,CATHOLIC CHARITIES OF THE DIOCESE OF GALVESTON-HOUSTON,77006,$0
2018,ACF,93676,Unaccompanied Alien Children Program,,TX,90ZU0196,St. Michael's Homes for ChildrenShelter Care for Unaccompanied Alien Minors,05,1,12/5/2017,CATHOLIC CHARITIES OF THE DIOCESE OF GALVESTON-HOUSTON,77006,"$1,540,927"
2018,ACF,93676,Unaccompanied Alien Children Program,,TX,90ZU0196,St. Michael's Homes for ChildrenShelter Care for Unaccompanied Alien Minors,02,2,5/10/2018,CATHOLIC CHARITIES OF THE DIOCESE OF GALVESTON-HOUSTON,77006,"$3,103,194"
2018,ACF,93676,Unaccompanied Alien Children Program,,TX,90ZU0198,St. PJ's Emergency Shelter and Transitional Foster Care Program for Unaccompanied Minor Refugees,01,2,4/20/2018,St. Peter St. Joseph Children`s Home,78210,$0
2018,ACF,93676,Unaccompanied Alien Children Program,,TX,90ZU0198,St. PJ's Emergency Shelter and Transitional Foster Care Program for Unaccompanied Minor Refugees,02,2,5/2/2018,St. Peter St. Joseph Children`s Home,78210,"$3,661,868"
2018,ACF,93676,Unaccompanied Alien Children Program,,TX,90ZU0198,St. PJ's Emergency Shelter and Transitional Foster Care Program for Unaccompanied Minor Refugees,05,1,10/25/2017,St. Peter St. Joseph Children`s Home,78210,$0
2018,ACF,93676,Unaccompanied Alien Children Program,,TX,90ZU0198,St. PJ's Emergency Shelter and Transitional Foster Care Program for Unaccompanied Minor Refugees,06,1,12/5/2017,St. Peter St. Joseph Children`s Home,78210,"$1,402,905"
2018,ACF,93676,Unaccompanied Alien Children Program,,TX,90ZU0198,St. PJ's Emergency Shelter and Transitional Foster Care Program for Unaccompanied Minor Refugees,00,2,2/8/2018,St. Peter St. Joseph Children`s Home,78210,"$1,830,934"
2018,ACF,93676,Unaccompanied Alien Children Program,,TX,90ZU0161,Standing Announcement for Residential (Long Term Foster Care) Services for Unaccompanied Children - California (for 50 children),02,2,5/10/2018,BCFS Health and Human Services,78232,"$1,118,280"
2018,ACF,93676,Unaccompanied Alien Children Program,,TX,90ZU0161,Standing Announcement for Residential (Long Term Foster Care) Services for Unaccompanied Children - California (for 50 children),00,2,2/8/2018,BCFS Health and Human Services,78232,"$559,140"
2018,ACF,93676,Unaccompanied Alien Children Program,,TX,90ZU0161,Standing Announcement for Residential (Long Term Foster Care) Services for Unaccompanied Children - California (for 50 children),01,2,2/22/2018,BCFS Health and Human Services,78232,$0
2018,ACF,93676,Unaccompanied Alien Children Program,,TX,90ZU0161,Standing Announcement for Residential (Long Term Foster Care) Services for Unaccompanied Children - California (for 50 children),04,1,12/1/2017,BCFS Health and Human Services,78232,"$577,449"
2018,ACF,93676,Unaccompanied Alien Children Program,,TX,90ZU0162,Standing Announcement for Residential (Long Term Foster Care) Services for Unaccompanied Children - San Antonio Group Home/Extended Care for 24 UC,01,2,2/22/2018,BCFS Health and Human Services,78232,$0
2018,ACF,93676,Unaccompanied Alien Children Program,,TX,90ZU0162,Standing Announcement for Residential (Long Term Foster Care) Services for Unaccompanied Children - San Antonio Group Home/Extended Care for 24 UC,00,2,2/8/2018,BCFS Health and Human Services,78232,"$505,948"
2018,ACF,93676,Unaccompanied Alien Children Program,,TX,90ZU0162,Standing Announcement for Residential (Long Term Foster Care) Services for Unaccompanied Children - San Antonio Group Home/Extended Care for 24 UC,02,2,6/11/2018,BCFS Health and Human Services,78232,"$1,011,896"
2018,ACF,93676,Unaccompanied Alien Children Program,,TX,90ZU0162,Standing Announcement for Residential (Long Term Foster Care) Services for Unaccompanied Children - San Antonio Group Home/Extended Care for 24 UC,04,1,12/5/2017,BCFS Health and Human Services,78232,"$505,954"
2018,ACF,93676,Unaccompanied Alien Children Program,,TX,90ZU0164,Standing Announcement for Residential (Long Term Foster Care) Services for Unaccompanied Children - San Antonio. LTFC for 50 UC.,00,2,2/8/2018,BCFS Health and Human Services,78232,"$512,213"
2018,ACF,93676,Unaccompanied Alien Children Program,,TX,90ZU0164,Standing Announcement for Residential (Long Term Foster Care) Services for Unaccompanied Children - San Antonio. LTFC for 50 UC.,02,2,5/10/2018,BCFS Health and Human Services,78232,"$1,024,426"
2018,ACF,93676,Unaccompanied Alien Children Program,,TX,90ZU0164,Standing Announcement for Residential (Long Term Foster Care) Services for Unaccompanied Children - San Antonio. LTFC for 50 UC.,01,2,2/28/2018,BCFS Health and Human Services,78232,$0
2018,ACF,93676,Unaccompanied Alien Children Program,,TX,90ZU0164,Standing Announcement for Residential (Long Term Foster Care) Services for Unaccompanied Children - San Antonio. LTFC for 50 UC.,04,1,12/5/2017,BCFS Health and Human Services,78232,"$512,213"
2018,ACF,93676,Unaccompanied Alien Children Program,,TX,90ZU0224,"Standing Announcement for Residential (Shelter) Services for Unaccompanied Children (Harlingen: 331 beds, La Feria: 80 beds, Raymondville: 50 beds.",04,2,6/11/2018,BCFS Health and Human Services,78232,"$21,026,137"
2018,ACF,93676,Unaccompanied Alien Children Program,,TX,90ZU0224,"Standing Announcement for Residential (Shelter) Services for Unaccompanied Children (Harlingen: 331 beds, La Feria: 80 beds, Raymondville: 50 beds.",03,2,5/4/2018,BCFS Health and Human Services,78232,"$5,286,353"
2018,ACF,93676,Unaccompanied Alien Children Program,,TX,90ZU0224,"Standing Announcement for Residential (Shelter) Services for Unaccompanied Children (Harlingen: 331 beds, La Feria: 80 beds, Raymondville: 50 beds.",01,2,3/2/2018,BCFS Health and Human Services,78232,$0
2018,ACF,93676,Unaccompanied Alien Children Program,,TX,90ZU0224,"Standing Announcement for Residential (Shelter) Services for Unaccompanied Children (Harlingen: 331 beds, La Feria: 80 beds, Raymondville: 50 beds.",06,1,1/9/2018,BCFS Health and Human Services,78232,"$11,870"
2018,ACF,93676,Unaccompanied Alien Children Program,,TX,90ZU0224,"Standing Announcement for Residential (Shelter) Services for Unaccompanied Children (Harlingen: 331 beds, La Feria: 80 beds, Raymondville: 50 beds.",00,2,2/9/2018,BCFS Health and Human Services,78232,"$10,513,069"
2018,ACF,93676,Unaccompanied Alien Children Program,,TX,90ZU0224,"Standing Announcement for Residential (Shelter) Services for Unaccompanied Children (Harlingen: 331 beds, La Feria: 80 beds, Raymondville: 50 beds.",05,2,6/13/2018,BCFS Health and Human Services,78232,$0
2018,ACF,93676,Unaccompanied Alien Children Program,,TX,90ZU0224,"Standing Announcement for Residential (Shelter) Services for Unaccompanied Children (Harlingen: 331 beds, La Feria: 80 beds, Raymondville: 50 beds.",02,2,4/3/2018,BCFS Health and Human Services,78232,"$15,000,000"
2018,ACF,93676,Unaccompanied Alien Children Program,,TX,90ZU0224,"Standing Announcement for Residential (Shelter) Services for Unaccompanied Children (Harlingen: 331 beds, La Feria: 80 beds, Raymondville: 50 beds.",05,1,12/5/2017,BCFS Health and Human Services,78232,"$6,021,690"
2018,ACF,93676,Unaccompanied Alien Children Program,,TX,90ZU0208,"Standing Announcement for Residential (Shelter) Services for Unaccompanied Children (San Antonio Campus: 110 beds, Chavaneaux: 80 beds, and Baytown: 168 beds.)",06,1,12/5/2017,BCFS Health and Human Services,78232,"$6,958,531"
2018,ACF,93676,Unaccompanied Alien Children Program,,TX,90ZU0208,"Standing Announcement for Residential (Shelter) Services for Unaccompanied Children (San Antonio Campus: 110 beds, Chavaneaux: 80 beds, and Baytown: 168 beds.)",00,2,2/8/2018,BCFS Health and Human Services,78232,"$8,143,207"
2018,ACF,93676,Unaccompanied Alien Children Program,,TX,90ZU0208,"Standing Announcement for Residential (Shelter) Services for Unaccompanied Children (San Antonio Campus: 110 beds, Chavaneaux: 80 beds, and Baytown: 168 beds.)",03,2,6/11/2018,BCFS Health and Human Services,78232,"$16,286,414"
2018,ACF,93676,Unaccompanied Alien Children Program,,TX,90ZU0208,"Standing Announcement for Residential (Shelter) Services for Unaccompanied Children (San Antonio Campus: 110 beds, Chavaneaux: 80 beds, and Baytown: 168 beds.)",02,2,5/4/2018,BCFS Health and Human Services,78232,"$2,615,213"
2018,ACF,93676,Unaccompanied Alien Children Program,,TX,90ZU0208,"Standing Announcement for Residential (Shelter) Services for Unaccompanied Children (San Antonio Campus: 110 beds, Chavaneaux: 80 beds, and Baytown: 168 beds.)",01,2,3/2/2018,BCFS Health and Human Services,78232,$0
2018,ACF,93676,Unaccompanied Alien Children Program,,TX,90ZU0208,"Standing Announcement for Residential (Shelter) Services for Unaccompanied Children (San Antonio Campus: 110 beds, Chavaneaux: 80 beds, and Baytown: 168 beds.)",05,1,10/26/2017,BCFS Health and Human Services,78232,$0
2018,ACF,93676,Unaccompanied Alien Children Program,,TX,90ZU0208,"Standing Announcement for Residential (Shelter) Services for Unaccompanied Children (San Antonio Campus: 110 beds, Chavaneaux: 80 beds, and Baytown: 168 beds.)",07,1,1/25/2018,BCFS Health and Human Services,78232,"$1,630,470"
2018,ACF,93676,Unaccompanied Alien Children Program,,TX,90ZU0206,"Standing Announcement for Residential (Shelter) Services for Unaccompanied Children - Transitional Foster Care, San Antonio, TX for 150 UC",01,2,2/28/2018,BCFS Health and Human Services,78232,$0
2018,ACF,93676,Unaccompanied Alien Children Program,,TX,90ZU0206,"Standing Announcement for Residential (Shelter) Services for Unaccompanied Children - Transitional Foster Care, San Antonio, TX for 150 UC",02,2,5/10/2018,BCFS Health and Human Services,78232,"$4,993,674"
2018,ACF,93676,Unaccompanied Alien Children Program,,TX,90ZU0206,"Standing Announcement for Residential (Shelter) Services for Unaccompanied Children - Transitional Foster Care, San Antonio, TX for 150 UC",00,2,2/8/2018,BCFS Health and Human Services,78232,"$2,496,837"
2018,ACF,93676,Unaccompanied Alien Children Program,,TX,90ZU0206,"Standing Announcement for Residential (Shelter) Services for Unaccompanied Children - Transitional Foster Care, San Antonio, TX for 150 UC",05,1,12/5/2017,BCFS Health and Human Services,78232,"$2,193,193"
2018,ACF,93676,Unaccompanied Alien Children Program,,TX,90ZU0206,"Standing Announcement for Residential (Shelter) Services for Unaccompanied Children - Transitional Foster Care, San Antonio, TX for 150 UC",06,1,1/25/2018,BCFS Health and Human Services,78232,"$460,800"
2018,ACF,93676,Unaccompanied Alien Children Program,,TX,90ZU0207,"Standing Announcement for Residential (Shelter) Services for Unaccompanied Children, Mission Texas (80 Beds)",03,1,1/26/2018,BCFS Health and Human Services,78232,$0
2018,ACF,93676,Unaccompanied Alien Children Program,,TX,90ZU0207,"Standing Announcement for Residential (Shelter) Services for Unaccompanied Children, Mission Texas (80 Beds)",02,1,12/5/2017,BCFS Health and Human Services,78232,"-$1,982,029"
2018,ACF,93676,Unaccompanied Alien Children Program,,TX,90ZU0158,"Standing Announcement for Residential (Staff Secure) Services for Unaccompanied Alien Children - San Antonio TX (36 total beds - 20 males, 16 females)",03,1,10/26/2017,BCFS Health and Human Services,78232,$0
2018,ACF,93676,Unaccompanied Alien Children Program,,TX,90ZU0158,"Standing Announcement for Residential (Staff Secure) Services for Unaccompanied Alien Children - San Antonio TX (36 total beds - 20 males, 16 females)",01,2,2/22/2018,BCFS Health and Human Services,78232,$0
2018,ACF,93676,Unaccompanied Alien Children Program,,TX,90ZU0158,"Standing Announcement for Residential (Staff Secure) Services for Unaccompanied Alien Children - San Antonio TX (36 total beds - 20 males, 16 females)",02,2,5/10/2018,BCFS Health and Human Services,78232,"$2,412,062"
2018,ACF,93676,Unaccompanied Alien Children Program,,TX,90ZU0158,"Standing Announcement for Residential (Staff Secure) Services for Unaccompanied Alien Children - San Antonio TX (36 total beds - 20 males, 16 females)",04,1,12/1/2017,BCFS Health and Human Services,78232,"$1,217,099"
2018,ACF,93676,Unaccompanied Alien Children Program,,TX,90ZU0158,"Standing Announcement for Residential (Staff Secure) Services for Unaccompanied Alien Children - San Antonio TX (36 total beds - 20 males, 16 females)",00,2,2/8/2018,BCFS Health and Human Services,78232,"$1,206,031"
2018,ACF,93676,Unaccompanied Alien Children Program,,TX,90ZU0159,Standing Announcement for Residential (Staff Secure) Services for Unaccompanied Alien Children in California (18 male beds total),02,2,5/10/2018,BCFS Health and Human Services,78232,"$1,964,264"
2018,ACF,93676,Unaccompanied Alien Children Program,,TX,90ZU0159,Standing Announcement for Residential (Staff Secure) Services for Unaccompanied Alien Children in California (18 male beds total),03,1,12/1/2017,BCFS Health and Human Services,78232,"$995,807"
2018,ACF,93676,Unaccompanied Alien Children Program,,TX,90ZU0159,Standing Announcement for Residential (Staff Secure) Services for Unaccompanied Alien Children in California (18 male beds total),00,2,2/8/2018,BCFS Health and Human Services,78232,"$982,132"
2018,ACF,93676,Unaccompanied Alien Children Program,,TX,90ZU0159,Standing Announcement for Residential (Staff Secure) Services for Unaccompanied Alien Children in California (18 male beds total),01,2,2/22/2018,BCFS Health and Human Services,78232,$0
2018,ACF,93676,Unaccompanied Alien Children Program,,CA,90ZU0205,Standing Announcement for Residential (shelter) Services for Unaccompanied Children,01,2,6/11/2018,Nuevo Amanecer Latino Children s Services,90022,"$764,811"
2018,ACF,93676,Unaccompanied Alien Children Program,,CA,90ZU0205,Standing Announcement for Residential (shelter) Services for Unaccompanied Children,00,2,2/21/2018,Nuevo Amanecer Latino Children s Services,90022,"$382,406"
2018,ACF,93676,Unaccompanied Alien Children Program,,CA,90ZU0205,Standing Announcement for Residential (shelter) Services for Unaccompanied Children,04,1,1/16/2018,Nuevo Amanecer Latino Children s Services,90022,"$318,598"
2018,ACF,93676,Unaccompanied Alien Children Program,,NY,90ZU0230,The Children's Home of Kingston proposes to provide a 24-bed basic shelter program to Unaccompanied Children.,00,2,2/21/2018,The Children`s Home of Kingston,12401,"$501,930"
2018,ACF,93676,Unaccompanied Alien Children Program,,NY,90ZU0230,The Children's Home of Kingston proposes to provide a 24-bed basic shelter program to Unaccompanied Children.,03,1,1/11/2018,The Children`s Home of Kingston,12401,"$521,927"
2018,ACF,93676,Unaccompanied Alien Children Program,,NY,90ZU0230,The Children's Home of Kingston proposes to provide a 24-bed basic shelter program to Unaccompanied Children.,01,2,6/11/2018,The Children`s Home of Kingston,12401,"$1,003,860"
2018,ACF,93676,Unaccompanied Alien Children Program,,FL,90ZU0219,The His House International Program will provide 126 beds of high quality residential care and ensure the provision of comprehensive program services and case management services for UC.,03,1,1/9/2018,His House Inc.,33055,"$3,493,560"
2018,ACF,93676,Unaccompanied Alien Children Program,,FL,90ZU0219,The His House International Program will provide 126 beds of high quality residential care and ensure the provision of comprehensive program services and case management services for UC.,01,2,6/11/2018,His House Inc.,33055,"$6,270,330"
2018,ACF,93676,Unaccompanied Alien Children Program,,FL,90ZU0219,The His House International Program will provide 126 beds of high quality residential care and ensure the provision of comprehensive program services and case management services for UC.,04,1,1/30/2018,His House Inc.,33055,"$68,352"
2018,ACF,93676,Unaccompanied Alien Children Program,,FL,90ZU0219,The His House International Program will provide 126 beds of high quality residential care and ensure the provision of comprehensive program services and case management services for UC.,00,2,2/9/2018,His House Inc.,33055,"$3,135,165"
2018,ACF,93676,Unaccompanied Alien Children Program,,FL,90ZU0082,"The His House International Program will provide post release and home study services to 100 UAC annually, with a focus in the Southeastern region of the United States.",03,2,2/12/2018,His House Inc.,33055,$0
2018,ACF,93676,Unaccompanied Alien Children Program,,KS,90ZU0213,"The Villages, Inc UC Program",05,1,12/8/2017,"THE VILLAGES, INC.",66611,"$29,852"
2018,ACF,93676,Unaccompanied Alien Children Program,,KS,90ZU0213,"The Villages, Inc UC Program",02,2,5/4/2018,"THE VILLAGES, INC.",66611,"$2,162,090"
2018,ACF,93676,Unaccompanied Alien Children Program,,KS,90ZU0213,"The Villages, Inc UC Program",00,2,2/21/2018,"THE VILLAGES, INC.",66611,"$1,081,045"
2018,ACF,93676,Unaccompanied Alien Children Program,,KS,90ZU0213,"The Villages, Inc UC Program",01,2,3/22/2018,"THE VILLAGES, INC.",66611,$0
2018,ACF,93676,Unaccompanied Alien Children Program,,CA,90ZU0165,The overall goal will be to provide proper physical and residential long term foster care for a diverse population of Unaccompanied Alien Children of all ages and genders.,03,1,2/8/2018,Florence Crittenton Services of Orange County,928313847,"$570,712"
2018,ACF,93676,Unaccompanied Alien Children Program,,CA,90ZU0165,The overall goal will be to provide proper physical and residential long term foster care for a diverse population of Unaccompanied Alien Children of all ages and genders.,01,2,6/11/2018,Florence Crittenton Services of Orange County,928313847,"$1,301,402"
2018,ACF,93676,Unaccompanied Alien Children Program,,CA,90ZU0165,The overall goal will be to provide proper physical and residential long term foster care for a diverse population of Unaccompanied Alien Children of all ages and genders.,00,2,2/21/2018,Florence Crittenton Services of Orange County,928313847,"$650,701"
2018,ACF,93676,Unaccompanied Alien Children Program,,CA,90ZU0227,The overall goal will be to provide proper physical and residential shelter for a diverse population of Unaccompanied Alien Children of all ages and genders.,01,2,6/11/2018,Florence Crittenton Services of Orange County,928313847,"$4,855,430"
2018,ACF,93676,Unaccompanied Alien Children Program,,CA,90ZU0227,The overall goal will be to provide proper physical and residential shelter for a diverse population of Unaccompanied Alien Children of all ages and genders.,00,2,2/9/2018,Florence Crittenton Services of Orange County,928313847,"$2,427,715"
2018,ACF,93676,Unaccompanied Alien Children Program,,CA,90ZU0227,The overall goal will be to provide proper physical and residential shelter for a diverse population of Unaccompanied Alien Children of all ages and genders.,04,1,1/16/2018,Florence Crittenton Services of Orange County,928313847,"$1,747,581"
2018,ACF,93676,Unaccompanied Alien Children Program,,DC,90ZU0199,USCCB Safe Passages I - Residential (Shelter) Services for Unaccompanied Children,02,2,5/10/2018,U.S. CONFERENCE OF CATHOLIC BISHOPS,200171194,"$855,679"
2018,ACF,93676,Unaccompanied Alien Children Program,,DC,90ZU0199,USCCB Safe Passages I - Residential (Shelter) Services for Unaccompanied Children,01,2,3/22/2018,U.S. CONFERENCE OF CATHOLIC BISHOPS,200171194,$0
2018,ACF,93676,Unaccompanied Alien Children Program,,DC,90ZU0199,USCCB Safe Passages I - Residential (Shelter) Services for Unaccompanied Children,05,1,12/5/2017,U.S. CONFERENCE OF CATHOLIC BISHOPS,200171194,"$243,271"
2018,ACF,93676,Unaccompanied Alien Children Program,,DC,90ZU0199,USCCB Safe Passages I - Residential (Shelter) Services for Unaccompanied Children,00,2,2/8/2018,U.S. CONFERENCE OF CATHOLIC BISHOPS,200171194,"$427,840"
2018,ACF,93676,Unaccompanied Alien Children Program,,DC,90ZU0199,USCCB Safe Passages I - Residential (Shelter) Services for Unaccompanied Children,06,1,1/24/2018,U.S. CONFERENCE OF CATHOLIC BISHOPS,200171194,"$38,467"
2018,ACF,93676,Unaccompanied Alien Children Program,,DC,90ZU0163,USCCB Safe Passages I - Residential Foster Care Services for Unaccompanied Children,02,2,5/10/2018,U.S. CONFERENCE OF CATHOLIC BISHOPS,200171194,"$2,834,989"
2018,ACF,93676,Unaccompanied Alien Children Program,,DC,90ZU0163,USCCB Safe Passages I - Residential Foster Care Services for Unaccompanied Children,01,2,3/2/2018,U.S. CONFERENCE OF CATHOLIC BISHOPS,200171194,$0
2018,ACF,93676,Unaccompanied Alien Children Program,,DC,90ZU0163,USCCB Safe Passages I - Residential Foster Care Services for Unaccompanied Children,00,2,2/8/2018,U.S. CONFERENCE OF CATHOLIC BISHOPS,200171194,"$1,417,495"
2018,ACF,93676,Unaccompanied Alien Children Program,,DC,90ZU0163,USCCB Safe Passages I - Residential Foster Care Services for Unaccompanied Children,04,1,12/5/2017,U.S. CONFERENCE OF CATHOLIC BISHOPS,200171194,"$1,513,603"
2018,ACF,93676,Unaccompanied Alien Children Program,,DC,90ZU0191,USCCB/MRS Safe Passages II - Home Study and Post-Release Services for Unaccompanied Children (FY2018),01,2,3/22/2018,U.S. CONFERENCE OF CATHOLIC BISHOPS,200171194,$0
2018,ACF,93676,Unaccompanied Alien Children Program,,DC,90ZU0191,USCCB/MRS Safe Passages II - Home Study and Post-Release Services for Unaccompanied Children (FY2018),06,1,10/16/2017,U.S. CONFERENCE OF CATHOLIC BISHOPS,200171194,$0
2018,ACF,93676,Unaccompanied Alien Children Program,,DC,90ZU0191,USCCB/MRS Safe Passages II - Home Study and Post-Release Services for Unaccompanied Children (FY2018),00,2,2/8/2018,U.S. CONFERENCE OF CATHOLIC BISHOPS,200171194,"$692,957"
2018,ACF,93676,Unaccompanied Alien Children Program,,DC,90ZU0191,USCCB/MRS Safe Passages II - Home Study and Post-Release Services for Unaccompanied Children (FY2018),02,2,5/10/2018,U.S. CONFERENCE OF CATHOLIC BISHOPS,200171194,"$1,385,913"
2018,ACF,93676,Unaccompanied Alien Children Program,,DC,90ZU0191,USCCB/MRS Safe Passages II - Home Study and Post-Release Services for Unaccompanied Children (FY2018),07,1,12/5/2017,U.S. CONFERENCE OF CATHOLIC BISHOPS,200171194,"$692,955"
2018,ACF,93676,Unaccompanied Alien Children Program,,VA,90ZU0192,USCRI's Home Study and Post Release Services for Unaccompanied Children,03,2,6/11/2018,U.S Committee for Refugees and Immigrants,22202,$0
2018,ACF,93676,Unaccompanied Alien Children Program,,VA,90ZU0192,USCRI's Home Study and Post Release Services for Unaccompanied Children,05,1,12/5/2017,U.S Committee for Refugees and Immigrants,22202,"$1,150,000"
2018,ACF,93676,Unaccompanied Alien Children Program,,VA,90ZU0192,USCRI's Home Study and Post Release Services for Unaccompanied Children,00,2,2/8/2018,U.S Committee for Refugees and Immigrants,22202,"$1,150,000"
2018,ACF,93676,Unaccompanied Alien Children Program,,VA,90ZU0192,USCRI's Home Study and Post Release Services for Unaccompanied Children,01,2,3/22/2018,U.S Committee for Refugees and Immigrants,22202,$0
2018,ACF,93676,Unaccompanied Alien Children Program,,VA,90ZU0192,USCRI's Home Study and Post Release Services for Unaccompanied Children,02,2,5/10/2018,U.S Committee for Refugees and Immigrants,22202,"$2,300,000"
2018,ACF,93676,Unaccompanied Alien Children Program,,IL,90ZU0189,Unaccompanied Alien Children - Shelter,00,2,2/8/2018,"HEARTLAND HUMAN CARE SERVICES, INC",606041156,"$8,633,171"
2018,ACF,93676,Unaccompanied Alien Children Program,,IL,90ZU0189,Unaccompanied Alien Children - Shelter,05,1,12/5/2017,"HEARTLAND HUMAN CARE SERVICES, INC",606041156,"$8,380,449"
2018,ACF,93676,Unaccompanied Alien Children Program,,IL,90ZU0189,Unaccompanied Alien Children - Shelter,02,2,5/10/2018,"HEARTLAND HUMAN CARE SERVICES, INC",606041156,"$17,266,342"
2018,ACF,93676,Unaccompanied Alien Children Program,,IL,90ZU0189,Unaccompanied Alien Children - Shelter,07,1,1/24/2018,"HEARTLAND HUMAN CARE SERVICES, INC",606041156,"$785,427"
2018,ACF,93676,Unaccompanied Alien Children Program,,IL,90ZU0189,Unaccompanied Alien Children - Shelter,06,1,12/15/2017,"HEARTLAND HUMAN CARE SERVICES, INC",606041156,"$67,038"
2018,ACF,93676,Unaccompanied Alien Children Program,,IL,90ZU0189,Unaccompanied Alien Children - Shelter,01,2,3/22/2018,"HEARTLAND HUMAN CARE SERVICES, INC",606041156,$0
2018,ACF,93676,Unaccompanied Alien Children Program,,IL,90ZU0233,Unaccompanied Alien Children - Staff Secure,04,1,12/5/2017,"HEARTLAND HUMAN CARE SERVICES, INC",606041156,"$434,509"
2018,ACF,93676,Unaccompanied Alien Children Program,,IL,90ZU0233,Unaccompanied Alien Children - Staff Secure,02,2,5/2/2018,"HEARTLAND HUMAN CARE SERVICES, INC",606041156,"$960,831"
2018,ACF,93676,Unaccompanied Alien Children Program,,IL,90ZU0233,Unaccompanied Alien Children - Staff Secure,00,2,2/21/2018,"HEARTLAND HUMAN CARE SERVICES, INC",606041156,"$480,416"
2018,ACF,93676,Unaccompanied Alien Children Program,,IL,90ZU0233,Unaccompanied Alien Children - Staff Secure,01,2,3/22/2018,"HEARTLAND HUMAN CARE SERVICES, INC",606041156,$0
2018,ACF,93676,Unaccompanied Alien Children Program,,TX,90ZU0048,Unaccompanied Alien Children Program,03,1,1/11/2018,BCFS Health and Human Services,78232,$0
2018,ACF,93676,Unaccompanied Alien Children Program,,TX,90ZU0048,Unaccompanied Alien Children Program,05,2,1/11/2018,BCFS Health and Human Services,78232,$0
2018,ACF,93676,Unaccompanied Alien Children Program,,NJ,90ZU0092,Unaccompanied Alien Children Services,02,2,1/10/2018,County of Union New Jersey Department of Human Services,07207,$0
2018,ACF,93676,Unaccompanied Alien Children Program,,OR,90ZU0169,Unaccompanied Children Residential Staff Secure Services,00,2,2/14/2018,Morrison Child & Family Services,97266,"$792,278"
2018,ACF,93676,Unaccompanied Alien Children Program,,OR,90ZU0169,Unaccompanied Children Residential Staff Secure Services,04,1,12/11/2017,Morrison Child & Family Services,97266,"$951,791"
2018,ACF,93676,Unaccompanied Alien Children Program,,OR,90ZU0169,Unaccompanied Children Residential Staff Secure Services,01,2,3/22/2018,Morrison Child & Family Services,97266,$0
2018,ACF,93676,Unaccompanied Alien Children Program,,OR,90ZU0169,Unaccompanied Children Residential Staff Secure Services,02,2,6/11/2018,Morrison Child & Family Services,97266,"$1,584,555"
2018,ACF,93676,Unaccompanied Alien Children Program,,OR,90ZU0210,Unaccompanied Children Services - Shelter and Transitional Foster Care,01,2,3/22/2018,Morrison Child & Family Services,97266,$0
2018,ACF,93676,Unaccompanied Alien Children Program,,OR,90ZU0210,Unaccompanied Children Services - Shelter and Transitional Foster Care,00,2,2/21/2018,Morrison Child & Family Services,97266,"$1,181,209"
2018,ACF,93676,Unaccompanied Alien Children Program,,OR,90ZU0210,Unaccompanied Children Services - Shelter and Transitional Foster Care,02,2,6/11/2018,Morrison Child & Family Services,97266,"$2,362,418"
2018,ACF,93676,Unaccompanied Alien Children Program,,OR,90ZU0210,Unaccompanied Children Services - Shelter and Transitional Foster Care,05,1,12/14/2017,Morrison Child & Family Services,97266,"$905,130"
2018,ACF,93676,Unaccompanied Alien Children Program,,AZ,90ZU0176,VisionQuest's Residential Long Term Foster Care Program for Unaccompanied Children,00,2,2/8/2018,"VISION QUEST NATIONAL, LTD",857322906,"$553,069"
2018,ACF,93676,Unaccompanied Alien Children Program,,AZ,90ZU0176,VisionQuest's Residential Long Term Foster Care Program for Unaccompanied Children,03,1,1/16/2018,"VISION QUEST NATIONAL, LTD",857322906,"$89,362"
2018,ACF,93676,Unaccompanied Alien Children Program,,AZ,90ZU0176,VisionQuest's Residential Long Term Foster Care Program for Unaccompanied Children,01,2,6/11/2018,"VISION QUEST NATIONAL, LTD",857322906,"$1,106,138"
2018,ACF,93676,Unaccompanied Alien Children Program,,TX,90ZU0242,WESLACO FOSTER CARE PROGRAM,03,1,11/30/2017,"INTERNATIONAL EDUCATIONAL SERVICES, INC.",785660112,$0
2018,ACF,93676,Unaccompanied Alien Children Program,,TX,90ZU0242,WESLACO FOSTER CARE PROGRAM,02,1,11/20/2017,"INTERNATIONAL EDUCATIONAL SERVICES, INC.",785660112,$0
2018,ACF,93676,Unaccompanied Alien Children Program,,TX,90ZU0242,WESLACO FOSTER CARE PROGRAM,01,1,11/2/2017,"INTERNATIONAL EDUCATIONAL SERVICES, INC.",785660112,$0
2018,ACF,93676,Unaccompanied Alien Children Program,,CA,90ZU0171,Yolo County Secure Residential Services for Unaccompanied Children.,05,1,10/31/2017,YOLO COUNTY DEPT OF PROBATION,95776,"$2,208,441"
2018,ACF,93676,Unaccompanied Alien Children Program,,CA,90ZU0171,Yolo County Secure Residential Services for Unaccompanied Children.,04,1,10/6/2017,County of Yolo - Health and Human Services Department,956956646,"-$2,208,441"
2018,ACF,93676,Unaccompanied Alien Children Program,,CA,90ZU0171,Yolo County Secure Residential Services for Unaccompanied Children.,00,2,4/30/2018,YOLO COUNTY DEPT OF PROBATION,95776,"$750,000"
2018,ACF,93676,Unaccompanied Alien Children Program,,CA,90ZU0171,Yolo County Secure Residential Services for Unaccompanied Children.,06,1,2/1/2018,YOLO COUNTY DEPT OF PROBATION,95776,"$736,148"
2018,ACF,93676,Unaccompanied Alien Children Program,,CA,90ZU0171,Yolo County Secure Residential Services for Unaccompanied Children.,01,2,6/11/2018,YOLO COUNTY DEPT OF PROBATION,95776,"$1,499,999"
2018,ACF,93676,Unaccompanied Alien Children Program,,VA,90ZU0157,Youth For Tomorrow Long-Term Foster Care Program,05,1,12/5/2017,Youth For Tomorrow,20136,"$178,869"
2018,ACF,93676,Unaccompanied Alien Children Program,,VA,90ZU0157,Youth For Tomorrow Long-Term Foster Care Program,01,2,2/22/2018,Youth For Tomorrow,20136,$0
2018,ACF,93676,Unaccompanied Alien Children Program,,VA,90ZU0157,Youth For Tomorrow Long-Term Foster Care Program,04,1,12/1/2017,Youth For Tomorrow,20136,$0
2018,ACF,93676,Unaccompanied Alien Children Program,,VA,90ZU0157,Youth For Tomorrow Long-Term Foster Care Program,00,2,2/8/2018,Youth For Tomorrow,20136,"$257,297"
2018,ACF,93676,Unaccompanied Alien Children Program,,VA,90ZU0157,Youth For Tomorrow Long-Term Foster Care Program,02,2,5/10/2018,Youth For Tomorrow,20136,"$514,593"
2018,ACF,93676,Unaccompanied Alien Children Program,,VA,90ZU0193,Youth For Tomorrow Post Release and Home Studies Services,00,2,2/8/2018,Youth For Tomorrow,20136,"$62,500"
2018,ACF,93676,Unaccompanied Alien Children Program,,VA,90ZU0193,Youth For Tomorrow Post Release and Home Studies Services,02,2,5/10/2018,Youth For Tomorrow,20136,"$125,000"
2018,ACF,93676,Unaccompanied Alien Children Program,,VA,90ZU0193,Youth For Tomorrow Post Release and Home Studies Services,01,2,3/22/2018,Youth For Tomorrow,20136,$0
2018,ACF,93676,Unaccompanied Alien Children Program,,VA,90ZU0193,Youth For Tomorrow Post Release and Home Studies Services,04,1,12/5/2017,Youth For Tomorrow,20136,"$62,500"
2018,ACF,93676,Unaccompanied Alien Children Program,,VA,90ZU0209,Youth For Tomorrow Shelter Program,06,1,12/15/2017,Youth For Tomorrow,20136,"$567,936"
2018,ACF,93676,Unaccompanied Alien Children Program,,VA,90ZU0209,Youth For Tomorrow Shelter Program,02,2,5/10/2018,Youth For Tomorrow,20136,"$6,018,583"
2018,ACF,93676,Unaccompanied Alien Children Program,,VA,90ZU0209,Youth For Tomorrow Shelter Program,05,1,12/8/2017,Youth For Tomorrow,20136,"$1,624,608"
2018,ACF,93676,Unaccompanied Alien Children Program,,VA,90ZU0209,Youth For Tomorrow Shelter Program,01,2,3/22/2018,Youth For Tomorrow,20136,$0
2018,ACF,93676,Unaccompanied Alien Children Program,,VA,90ZU0209,Youth For Tomorrow Shelter Program,00,2,2/8/2018,Youth For Tomorrow,20136,"$3,009,292"
2018,ACF,93676,Unaccompanied Alien Children Program,,WA,90ZU0221,YouthCare's Casa de los Amigos Residential Shelter for Unaccompanied Children,00,2,2/21/2018,YOUTH CARE,98105,"$431,948"
2018,ACF,93676,Unaccompanied Alien Children Program,,WA,90ZU0221,YouthCare's Casa de los Amigos Residential Shelter for Unaccompanied Children,02,2,5/10/2018,YOUTH CARE,98105,"$863,896"
2018,ACF,93676,Unaccompanied Alien Children Program,,WA,90ZU0221,YouthCare's Casa de los Amigos Residential Shelter for Unaccompanied Children,06,1,1/25/2018,YOUTH CARE,98105,"$39,241"
2018,ACF,93676,Unaccompanied Alien Children Program,,WA,90ZU0221,YouthCare's Casa de los Amigos Residential Shelter for Unaccompanied Children,01,2,3/22/2018,YOUTH CARE,98105,$0
2018,ACF,93676,Unaccompanied Alien Children Program,,WA,90ZU0221,YouthCare's Casa de los Amigos Residential Shelter for Unaccompanied Children,05,1,12/6/2017,YOUTH CARE,98105,"$393,018"
,,,,"Exported on 06/25/2018 from the HHS Tracking Accountability in Government Grants System (TAGGS), http://taggs.hhs.gov",,,,,,,,,
